"","fold1","fold2","fold3","fold4"
"1",NA,NA,0,NA
"2",NA,1,NA,NA
"3",NA,NA,0,NA
"4",NA,NA,NA,0
"5",1,NA,NA,NA
"6",NA,NA,0,NA
"7",0,NA,NA,NA
"8",NA,0,NA,NA
"9",NA,NA,0,NA
"10",NA,NA,NA,0
"11",0,NA,NA,NA
"12",NA,1,NA,NA
"13",NA,NA,0,NA
"14",0,NA,NA,NA
"15",NA,0,NA,NA
"16",0,NA,NA,NA
"17",NA,NA,NA,1
"18",NA,0,NA,NA
"19",NA,NA,NA,0
"20",NA,NA,NA,0
"21",0,NA,NA,NA
"22",NA,0,NA,NA
"23",NA,NA,NA,0
"24",NA,NA,1,NA
"25",NA,NA,NA,0
"26",NA,0,NA,NA
"27",0,NA,NA,NA
"28",NA,NA,NA,0
"29",NA,0,NA,NA
"30",0,NA,NA,NA
"31",NA,0,NA,NA
"32",NA,NA,NA,0
"33",NA,0,NA,NA
"34",NA,NA,NA,0
"35",NA,NA,NA,0
"36",NA,NA,NA,0
"37",NA,0,NA,NA
"38",NA,NA,0,NA
"39",0,NA,NA,NA
"40",NA,NA,NA,0
"41",0,NA,NA,NA
"42",NA,NA,NA,0
"43",NA,NA,0,NA
"44",NA,NA,1,NA
"45",0,NA,NA,NA
"46",NA,0,NA,NA
"47",NA,0,NA,NA
"48",NA,NA,NA,0
"49",NA,NA,0,NA
"50",NA,NA,0,NA
"51",0,NA,NA,NA
"52",NA,0,NA,NA
"53",0,NA,NA,NA
"54",NA,NA,NA,1
"55",NA,NA,1,NA
"56",NA,0,NA,NA
"57",NA,NA,NA,0
"58",0,NA,NA,NA
"59",NA,NA,NA,0
"60",NA,0,NA,NA
"61",NA,NA,NA,1
"62",0,NA,NA,NA
"63",0,NA,NA,NA
"64",NA,NA,NA,1
"65",NA,NA,0,NA
"66",0,NA,NA,NA
"67",0,NA,NA,NA
"68",NA,NA,NA,1
"69",NA,0,NA,NA
"70",NA,NA,NA,0
"71",NA,NA,NA,0
"72",1,NA,NA,NA
"73",0,NA,NA,NA
"74",NA,0,NA,NA
"75",NA,NA,1,NA
"76",NA,NA,0,NA
"77",0,NA,NA,NA
"78",NA,0,NA,NA
"79",NA,0,NA,NA
"80",NA,NA,0,NA
"81",NA,NA,0,NA
"82",1,NA,NA,NA
"83",0,NA,NA,NA
"84",NA,0,NA,NA
"85",NA,0,NA,NA
"86",NA,NA,1,NA
"87",NA,NA,1,NA
"88",NA,NA,0,NA
"89",NA,NA,1,NA
"90",NA,1,NA,NA
"91",NA,NA,NA,0
"92",NA,NA,0,NA
"93",NA,0,NA,NA
"94",NA,0,NA,NA
"95",NA,0,NA,NA
"96",NA,NA,NA,1
"97",0,NA,NA,NA
"98",NA,NA,1,NA
"99",NA,0,NA,NA
"100",NA,0,NA,NA
"101",NA,NA,0,NA
"102",NA,0,NA,NA
"103",1,NA,NA,NA
"104",NA,0,NA,NA
"105",NA,NA,0,NA
"106",NA,0,NA,NA
"107",NA,NA,NA,0
"108",NA,NA,NA,0
"109",NA,NA,1,NA
"110",NA,0,NA,NA
"111",NA,0,NA,NA
"112",NA,NA,0,NA
"113",NA,0,NA,NA
"114",NA,NA,0,NA
"115",NA,NA,NA,1
"116",NA,NA,1,NA
"117",NA,0,NA,NA
"118",NA,NA,1,NA
"119",NA,NA,NA,1
"120",NA,NA,NA,0
"121",0,NA,NA,NA
"122",NA,NA,0,NA
"123",NA,NA,NA,0
"124",NA,NA,0,NA
"125",NA,NA,1,NA
"126",NA,NA,NA,0
"127",NA,NA,0,NA
"128",0,NA,NA,NA
"129",NA,NA,NA,0
"130",NA,0,NA,NA
"131",NA,NA,0,NA
"132",NA,0,NA,NA
"133",NA,NA,0,NA
"134",NA,0,NA,NA
"135",NA,NA,0,NA
"136",NA,NA,0,NA
"137",NA,NA,NA,1
"138",NA,NA,NA,0
"139",NA,1,NA,NA
"140",NA,NA,NA,0
"141",NA,NA,NA,0
"142",1,NA,NA,NA
"143",0,NA,NA,NA
"144",0,NA,NA,NA
"145",0,NA,NA,NA
"146",NA,NA,NA,0
"147",0,NA,NA,NA
"148",NA,NA,0,NA
"149",NA,NA,NA,1
"150",NA,NA,0,NA
"151",0,NA,NA,NA
"152",NA,NA,0,NA
"153",NA,0,NA,NA
"154",NA,NA,NA,1
"155",0,NA,NA,NA
"156",0,NA,NA,NA
"157",NA,0,NA,NA
"158",NA,NA,0,NA
"159",NA,0,NA,NA
"160",NA,NA,0,NA
"161",0,NA,NA,NA
"162",NA,NA,0,NA
"163",NA,NA,0,NA
"164",NA,NA,NA,0
"165",NA,0,NA,NA
"166",NA,NA,NA,1
"167",NA,NA,NA,0
"168",NA,1,NA,NA
"169",NA,NA,0,NA
"170",NA,NA,NA,0
"171",0,NA,NA,NA
"172",NA,NA,NA,0
"173",0,NA,NA,NA
"174",NA,NA,0,NA
"175",0,NA,NA,NA
"176",NA,NA,NA,0
"177",NA,NA,NA,0
"178",NA,0,NA,NA
"179",NA,NA,0,NA
"180",NA,NA,NA,0
"181",NA,NA,NA,0
"182",NA,NA,NA,0
"183",0,NA,NA,NA
"184",NA,NA,0,NA
"185",NA,0,NA,NA
"186",NA,0,NA,NA
"187",1,NA,NA,NA
"188",0,NA,NA,NA
"189",NA,NA,0,NA
"190",NA,0,NA,NA
"191",NA,NA,0,NA
"192",NA,NA,NA,0
"193",NA,0,NA,NA
"194",0,NA,NA,NA
"195",NA,NA,NA,0
"196",0,NA,NA,NA
"197",NA,NA,NA,0
"198",NA,NA,0,NA
"199",NA,NA,NA,0
"200",0,NA,NA,NA
"201",NA,NA,0,NA
"202",NA,NA,NA,0
"203",0,NA,NA,NA
"204",0,NA,NA,NA
"205",NA,NA,0,NA
"206",NA,NA,NA,1
"207",1,NA,NA,NA
"208",0,NA,NA,NA
"209",NA,NA,0,NA
"210",NA,0,NA,NA
"211",NA,NA,NA,0
"212",NA,NA,0,NA
"213",0,NA,NA,NA
"214",NA,NA,1,NA
"215",NA,NA,1,NA
"216",0,NA,NA,NA
"217",NA,NA,0,NA
"218",NA,0,NA,NA
"219",NA,NA,NA,0
"220",0,NA,NA,NA
"221",0,NA,NA,NA
"222",0,NA,NA,NA
"223",NA,NA,NA,0
"224",NA,NA,NA,0
"225",NA,0,NA,NA
"226",NA,NA,NA,1
"227",NA,NA,0,NA
"228",NA,0,NA,NA
"229",NA,NA,NA,0
"230",NA,NA,NA,0
"231",NA,NA,NA,0
"232",NA,NA,NA,0
"233",NA,NA,0,NA
"234",0,NA,NA,NA
"235",NA,0,NA,NA
"236",NA,NA,NA,0
"237",NA,0,NA,NA
"238",NA,NA,NA,0
"239",NA,NA,NA,0
"240",NA,NA,0,NA
"241",NA,1,NA,NA
"242",0,NA,NA,NA
"243",0,NA,NA,NA
"244",0,NA,NA,NA
"245",0,NA,NA,NA
"246",NA,0,NA,NA
"247",NA,NA,NA,0
"248",NA,0,NA,NA
"249",NA,0,NA,NA
"250",0,NA,NA,NA
"251",NA,1,NA,NA
"252",NA,NA,NA,1
"253",NA,NA,NA,0
"254",NA,NA,0,NA
"255",0,NA,NA,NA
"256",0,NA,NA,NA
"257",NA,NA,1,NA
"258",NA,0,NA,NA
"259",NA,0,NA,NA
"260",NA,0,NA,NA
"261",NA,0,NA,NA
"262",NA,NA,NA,0
"263",NA,NA,0,NA
"264",0,NA,NA,NA
"265",NA,1,NA,NA
"266",NA,0,NA,NA
"267",NA,NA,NA,0
"268",NA,NA,NA,0
"269",NA,0,NA,NA
"270",NA,NA,0,NA
"271",NA,NA,0,NA
"272",0,NA,NA,NA
"273",NA,NA,0,NA
"274",NA,NA,NA,0
"275",0,NA,NA,NA
"276",NA,0,NA,NA
"277",NA,0,NA,NA
"278",NA,0,NA,NA
"279",1,NA,NA,NA
"280",NA,NA,0,NA
"281",NA,NA,NA,0
"282",0,NA,NA,NA
"283",NA,NA,NA,0
"284",NA,0,NA,NA
"285",NA,NA,0,NA
"286",0,NA,NA,NA
"287",NA,NA,NA,0
"288",0,NA,NA,NA
"289",NA,NA,1,NA
"290",NA,0,NA,NA
"291",NA,NA,NA,0
"292",NA,NA,NA,0
"293",NA,NA,1,NA
"294",NA,NA,NA,0
"295",0,NA,NA,NA
"296",NA,0,NA,NA
"297",0,NA,NA,NA
"298",NA,0,NA,NA
"299",NA,NA,NA,0
"300",NA,NA,NA,1
"301",NA,NA,0,NA
"302",NA,NA,0,NA
"303",NA,NA,NA,0
"304",NA,NA,NA,0
"305",NA,NA,0,NA
"306",NA,NA,NA,0
"307",0,NA,NA,NA
"308",0,NA,NA,NA
"309",NA,NA,NA,0
"310",NA,NA,0,NA
"311",NA,NA,0,NA
"312",NA,1,NA,NA
"313",NA,NA,NA,0
"314",NA,NA,0,NA
"315",NA,NA,0,NA
"316",0,NA,NA,NA
"317",NA,NA,NA,0
"318",NA,0,NA,NA
"319",0,NA,NA,NA
"320",NA,1,NA,NA
"321",NA,0,NA,NA
"322",NA,NA,NA,0
"323",NA,1,NA,NA
"324",0,NA,NA,NA
"325",0,NA,NA,NA
"326",NA,NA,NA,1
"327",0,NA,NA,NA
"328",NA,NA,0,NA
"329",0,NA,NA,NA
"330",NA,NA,NA,0
"331",NA,NA,0,NA
"332",NA,NA,NA,0
"333",NA,NA,NA,1
"334",NA,NA,NA,0
"335",NA,NA,0,NA
"336",0,NA,NA,NA
"337",NA,NA,NA,1
"338",NA,NA,0,NA
"339",NA,NA,NA,0
"340",1,NA,NA,NA
"341",NA,NA,0,NA
"342",NA,1,NA,NA
"343",1,NA,NA,NA
"344",NA,NA,1,NA
"345",NA,NA,0,NA
"346",NA,NA,1,NA
"347",NA,NA,NA,1
"348",NA,NA,0,NA
"349",NA,NA,1,NA
"350",NA,NA,NA,1
"351",1,NA,NA,NA
"352",1,NA,NA,NA
"353",NA,NA,1,NA
"354",NA,0,NA,NA
"355",NA,NA,0,NA
"356",NA,NA,1,NA
"357",NA,0,NA,NA
"358",NA,0,NA,NA
"359",0,NA,NA,NA
"360",NA,0,NA,NA
"361",1,NA,NA,NA
"362",NA,0,NA,NA
"363",NA,NA,0,NA
"364",NA,0,NA,NA
"365",0,NA,NA,NA
"366",NA,NA,NA,1
"367",0,NA,NA,NA
"368",NA,NA,NA,0
"369",0,NA,NA,NA
"370",NA,NA,0,NA
"371",0,NA,NA,NA
"372",NA,NA,0,NA
"373",0,NA,NA,NA
"374",NA,NA,NA,0
"375",0,NA,NA,NA
"376",NA,NA,0,NA
"377",NA,NA,1,NA
"378",NA,NA,1,NA
"379",NA,0,NA,NA
"380",NA,0,NA,NA
"381",NA,NA,0,NA
"382",NA,NA,NA,0
"383",NA,NA,NA,1
"384",NA,NA,0,NA
"385",NA,NA,0,NA
"386",NA,0,NA,NA
"387",NA,NA,0,NA
"388",NA,NA,NA,0
"389",NA,NA,NA,0
"390",0,NA,NA,NA
"391",0,NA,NA,NA
"392",NA,NA,0,NA
"393",NA,NA,1,NA
"394",NA,NA,NA,0
"395",NA,0,NA,NA
"396",NA,NA,NA,0
"397",NA,NA,0,NA
"398",NA,0,NA,NA
"399",NA,0,NA,NA
"400",NA,NA,0,NA
"401",NA,NA,1,NA
"402",NA,NA,NA,0
"403",1,NA,NA,NA
"404",0,NA,NA,NA
"405",1,NA,NA,NA
"406",NA,0,NA,NA
"407",0,NA,NA,NA
"408",0,NA,NA,NA
"409",NA,0,NA,NA
"410",NA,NA,NA,0
"411",NA,NA,NA,0
"412",NA,NA,0,NA
"413",NA,0,NA,NA
"414",NA,0,NA,NA
"415",NA,NA,NA,1
"416",NA,0,NA,NA
"417",0,NA,NA,NA
"418",NA,NA,NA,0
"419",NA,NA,NA,1
"420",1,NA,NA,NA
"421",0,NA,NA,NA
"422",NA,NA,NA,0
"423",NA,NA,NA,0
"424",0,NA,NA,NA
"425",NA,NA,0,NA
"426",NA,NA,0,NA
"427",NA,NA,NA,0
"428",NA,0,NA,NA
"429",NA,NA,NA,0
"430",NA,NA,0,NA
"431",NA,NA,0,NA
"432",0,NA,NA,NA
"433",0,NA,NA,NA
"434",0,NA,NA,NA
"435",0,NA,NA,NA
"436",NA,0,NA,NA
"437",NA,NA,0,NA
"438",0,NA,NA,NA
"439",NA,0,NA,NA
"440",NA,NA,0,NA
"441",NA,NA,0,NA
"442",NA,NA,0,NA
"443",NA,NA,NA,0
"444",NA,NA,0,NA
"445",NA,0,NA,NA
"446",NA,NA,NA,0
"447",NA,NA,NA,0
"448",NA,NA,NA,0
"449",NA,NA,NA,1
"450",NA,NA,0,NA
"451",NA,0,NA,NA
"452",NA,0,NA,NA
"453",NA,NA,0,NA
"454",0,NA,NA,NA
"455",0,NA,NA,NA
"456",NA,NA,NA,0
"457",1,NA,NA,NA
"458",1,NA,NA,NA
"459",NA,NA,NA,0
"460",NA,NA,0,NA
"461",NA,0,NA,NA
"462",0,NA,NA,NA
"463",NA,NA,0,NA
"464",NA,NA,NA,0
"465",NA,NA,0,NA
"466",NA,0,NA,NA
"467",NA,1,NA,NA
"468",NA,NA,NA,1
"469",NA,0,NA,NA
"470",1,NA,NA,NA
"471",NA,NA,NA,0
"472",NA,0,NA,NA
"473",NA,NA,0,NA
"474",NA,NA,0,NA
"475",NA,0,NA,NA
"476",NA,NA,NA,1
"477",NA,NA,NA,0
"478",NA,0,NA,NA
"479",NA,0,NA,NA
"480",0,NA,NA,NA
"481",NA,NA,NA,0
"482",NA,NA,NA,1
"483",NA,NA,1,NA
"484",NA,NA,0,NA
"485",NA,NA,1,NA
"486",NA,NA,NA,1
"487",NA,NA,NA,0
"488",NA,NA,NA,0
"489",0,NA,NA,NA
"490",NA,0,NA,NA
"491",0,NA,NA,NA
"492",0,NA,NA,NA
"493",NA,NA,NA,1
"494",NA,NA,NA,0
"495",NA,NA,NA,0
"496",NA,NA,0,NA
"497",NA,0,NA,NA
"498",NA,NA,0,NA
"499",NA,NA,0,NA
"500",0,NA,NA,NA
"501",NA,NA,0,NA
"502",NA,NA,0,NA
"503",NA,NA,0,NA
"504",NA,NA,0,NA
"505",1,NA,NA,NA
"506",0,NA,NA,NA
"507",NA,NA,NA,1
"508",NA,NA,NA,0
"509",0,NA,NA,NA
"510",NA,NA,1,NA
"511",NA,NA,NA,0
"512",0,NA,NA,NA
"513",NA,NA,1,NA
"514",NA,NA,0,NA
"515",NA,NA,0,NA
"516",NA,NA,NA,0
"517",NA,NA,0,NA
"518",0,NA,NA,NA
"519",NA,NA,1,NA
"520",NA,NA,1,NA
"521",0,NA,NA,NA
"522",NA,0,NA,NA
"523",1,NA,NA,NA
"524",NA,NA,NA,0
"525",NA,0,NA,NA
"526",NA,NA,0,NA
"527",0,NA,NA,NA
"528",0,NA,NA,NA
"529",0,NA,NA,NA
"530",NA,NA,1,NA
"531",NA,NA,0,NA
"532",NA,0,NA,NA
"533",NA,NA,0,NA
"534",0,NA,NA,NA
"535",NA,0,NA,NA
"536",0,NA,NA,NA
"537",NA,NA,0,NA
"538",0,NA,NA,NA
"539",NA,NA,1,NA
"540",NA,NA,NA,0
"541",NA,0,NA,NA
"542",NA,NA,NA,0
"543",NA,NA,NA,1
"544",NA,0,NA,NA
"545",NA,NA,NA,0
"546",NA,NA,NA,0
"547",NA,NA,0,NA
"548",NA,NA,NA,0
"549",NA,NA,0,NA
"550",NA,NA,NA,0
"551",NA,NA,0,NA
"552",NA,NA,0,NA
"553",NA,NA,0,NA
"554",NA,0,NA,NA
"555",0,NA,NA,NA
"556",NA,NA,NA,0
"557",NA,NA,NA,0
"558",NA,NA,0,NA
"559",NA,NA,0,NA
"560",NA,1,NA,NA
"561",NA,NA,NA,0
"562",NA,NA,NA,0
"563",1,NA,NA,NA
"564",1,NA,NA,NA
"565",NA,0,NA,NA
"566",NA,NA,NA,0
"567",0,NA,NA,NA
"568",0,NA,NA,NA
"569",NA,1,NA,NA
"570",NA,NA,0,NA
"571",NA,NA,NA,0
"572",0,NA,NA,NA
"573",NA,0,NA,NA
"574",1,NA,NA,NA
"575",NA,NA,0,NA
"576",NA,0,NA,NA
"577",NA,NA,NA,0
"578",0,NA,NA,NA
"579",NA,NA,NA,0
"580",NA,0,NA,NA
"581",NA,NA,0,NA
"582",NA,NA,0,NA
"583",0,NA,NA,NA
"584",NA,NA,1,NA
"585",NA,NA,NA,0
"586",NA,NA,NA,0
"587",NA,NA,1,NA
"588",0,NA,NA,NA
"589",NA,NA,NA,0
"590",NA,0,NA,NA
"591",NA,0,NA,NA
"592",NA,0,NA,NA
"593",NA,0,NA,NA
"594",NA,0,NA,NA
"595",NA,0,NA,NA
"596",NA,NA,0,NA
"597",0,NA,NA,NA
"598",NA,NA,1,NA
"599",NA,0,NA,NA
"600",0,NA,NA,NA
"601",NA,NA,1,NA
"602",1,NA,NA,NA
"603",NA,NA,NA,0
"604",NA,0,NA,NA
"605",0,NA,NA,NA
"606",NA,0,NA,NA
"607",1,NA,NA,NA
"608",NA,0,NA,NA
"609",0,NA,NA,NA
"610",NA,NA,0,NA
"611",NA,0,NA,NA
"612",NA,NA,NA,0
"613",NA,NA,NA,0
"614",NA,NA,1,NA
"615",NA,NA,1,NA
"616",NA,NA,1,NA
"617",0,NA,NA,NA
"618",NA,NA,0,NA
"619",0,NA,NA,NA
"620",NA,1,NA,NA
"621",NA,0,NA,NA
"622",NA,0,NA,NA
"623",0,NA,NA,NA
"624",NA,0,NA,NA
"625",1,NA,NA,NA
"626",NA,NA,NA,0
"627",NA,0,NA,NA
"628",NA,0,NA,NA
"629",NA,NA,0,NA
"630",NA,1,NA,NA
"631",NA,NA,NA,0
"632",NA,NA,NA,0
"633",NA,NA,0,NA
"634",1,NA,NA,NA
"635",NA,0,NA,NA
"636",0,NA,NA,NA
"637",0,NA,NA,NA
"638",NA,0,NA,NA
"639",NA,NA,NA,0
"640",NA,0,NA,NA
"641",0,NA,NA,NA
"642",NA,NA,NA,0
"643",1,NA,NA,NA
"644",0,NA,NA,NA
"645",1,NA,NA,NA
"646",0,NA,NA,NA
"647",NA,NA,0,NA
"648",NA,NA,NA,1
"649",0,NA,NA,NA
"650",NA,NA,0,NA
"651",NA,NA,0,NA
"652",0,NA,NA,NA
"653",NA,NA,0,NA
"654",NA,NA,NA,0
"655",NA,0,NA,NA
"656",NA,1,NA,NA
"657",0,NA,NA,NA
"658",0,NA,NA,NA
"659",NA,0,NA,NA
"660",NA,NA,NA,0
"661",NA,NA,0,NA
"662",NA,NA,0,NA
"663",NA,NA,1,NA
"664",NA,NA,0,NA
"665",NA,0,NA,NA
"666",NA,NA,0,NA
"667",NA,NA,0,NA
"668",NA,NA,1,NA
"669",NA,NA,0,NA
"670",NA,0,NA,NA
"671",NA,NA,0,NA
"672",NA,0,NA,NA
"673",0,NA,NA,NA
"674",0,NA,NA,NA
"675",0,NA,NA,NA
"676",NA,0,NA,NA
"677",1,NA,NA,NA
"678",1,NA,NA,NA
"679",NA,NA,NA,0
"680",0,NA,NA,NA
"681",NA,0,NA,NA
"682",1,NA,NA,NA
"683",NA,NA,NA,0
"684",NA,NA,NA,0
"685",0,NA,NA,NA
"686",0,NA,NA,NA
"687",NA,NA,0,NA
"688",NA,1,NA,NA
"689",NA,NA,1,NA
"690",1,NA,NA,NA
"691",NA,0,NA,NA
"692",NA,1,NA,NA
"693",0,NA,NA,NA
"694",0,NA,NA,NA
"695",NA,NA,0,NA
"696",NA,0,NA,NA
"697",NA,0,NA,NA
"698",NA,NA,NA,0
"699",NA,1,NA,NA
"700",NA,NA,0,NA
"701",1,NA,NA,NA
"702",NA,NA,0,NA
"703",NA,NA,0,NA
"704",0,NA,NA,NA
"705",NA,NA,NA,0
"706",NA,NA,NA,0
"707",NA,0,NA,NA
"708",0,NA,NA,NA
"709",NA,NA,NA,1
"710",NA,NA,NA,1
"711",NA,NA,NA,0
"712",NA,0,NA,NA
"713",NA,NA,NA,0
"714",NA,0,NA,NA
"715",NA,NA,1,NA
"716",NA,0,NA,NA
"717",0,NA,NA,NA
"718",0,NA,NA,NA
"719",NA,0,NA,NA
"720",0,NA,NA,NA
"721",0,NA,NA,NA
"722",NA,NA,NA,0
"723",0,NA,NA,NA
"724",NA,NA,NA,1
"725",NA,0,NA,NA
"726",NA,NA,NA,1
"727",NA,NA,1,NA
"728",NA,0,NA,NA
"729",NA,0,NA,NA
"730",NA,NA,NA,1
"731",NA,0,NA,NA
"732",NA,NA,0,NA
"733",NA,0,NA,NA
"734",NA,NA,NA,0
"735",NA,NA,1,NA
"736",NA,NA,NA,1
"737",0,NA,NA,NA
"738",NA,NA,NA,0
"739",NA,1,NA,NA
"740",NA,1,NA,NA
"741",NA,NA,NA,0
"742",NA,NA,NA,0
"743",NA,NA,0,NA
"744",1,NA,NA,NA
"745",NA,NA,1,NA
"746",NA,NA,NA,0
"747",NA,0,NA,NA
"748",1,NA,NA,NA
"749",NA,0,NA,NA
"750",NA,NA,NA,0
"751",0,NA,NA,NA
"752",0,NA,NA,NA
"753",NA,1,NA,NA
"754",NA,0,NA,NA
"755",NA,NA,0,NA
"756",NA,NA,0,NA
"757",NA,NA,0,NA
"758",NA,NA,NA,0
"759",NA,NA,NA,0
"760",NA,0,NA,NA
"761",NA,0,NA,NA
"762",1,NA,NA,NA
"763",NA,NA,NA,0
"764",NA,NA,1,NA
"765",NA,0,NA,NA
"766",NA,NA,0,NA
"767",NA,NA,0,NA
"768",NA,NA,NA,1
"769",1,NA,NA,NA
"770",NA,0,NA,NA
"771",NA,NA,0,NA
"772",NA,NA,1,NA
"773",NA,NA,0,NA
"774",NA,NA,0,NA
"775",NA,0,NA,NA
"776",NA,NA,NA,0
"777",NA,NA,NA,1
"778",NA,NA,0,NA
"779",NA,NA,0,NA
"780",0,NA,NA,NA
"781",NA,0,NA,NA
"782",NA,NA,NA,1
"783",0,NA,NA,NA
"784",0,NA,NA,NA
"785",NA,1,NA,NA
"786",0,NA,NA,NA
"787",NA,NA,NA,0
"788",NA,0,NA,NA
"789",0,NA,NA,NA
"790",NA,NA,0,NA
"791",NA,NA,0,NA
"792",NA,NA,0,NA
"793",0,NA,NA,NA
"794",NA,0,NA,NA
"795",NA,0,NA,NA
"796",0,NA,NA,NA
"797",NA,NA,0,NA
"798",NA,NA,0,NA
"799",NA,NA,0,NA
"800",NA,NA,1,NA
"801",0,NA,NA,NA
"802",NA,0,NA,NA
"803",NA,NA,1,NA
"804",0,NA,NA,NA
"805",NA,0,NA,NA
"806",NA,NA,0,NA
"807",0,NA,NA,NA
"808",NA,NA,0,NA
"809",NA,1,NA,NA
"810",0,NA,NA,NA
"811",NA,NA,1,NA
"812",NA,1,NA,NA
"813",NA,NA,0,NA
"814",NA,1,NA,NA
"815",NA,NA,NA,0
"816",0,NA,NA,NA
"817",NA,1,NA,NA
"818",NA,NA,0,NA
"819",NA,NA,NA,0
"820",0,NA,NA,NA
"821",NA,NA,NA,0
"822",NA,NA,0,NA
"823",NA,0,NA,NA
"824",NA,NA,0,NA
"825",0,NA,NA,NA
"826",0,NA,NA,NA
"827",NA,NA,NA,0
"828",NA,NA,NA,0
"829",0,NA,NA,NA
"830",NA,NA,NA,0
"831",NA,NA,0,NA
"832",1,NA,NA,NA
"833",NA,0,NA,NA
"834",0,NA,NA,NA
"835",NA,NA,0,NA
"836",0,NA,NA,NA
"837",NA,0,NA,NA
"838",NA,NA,NA,0
"839",NA,NA,NA,0
"840",NA,NA,1,NA
"841",NA,0,NA,NA
"842",NA,NA,NA,0
"843",NA,NA,0,NA
"844",NA,NA,NA,0
"845",NA,NA,NA,0
"846",NA,NA,NA,0
"847",NA,NA,NA,0
"848",NA,NA,0,NA
"849",1,NA,NA,NA
"850",NA,NA,NA,0
"851",NA,0,NA,NA
"852",0,NA,NA,NA
"853",NA,NA,NA,1
"854",0,NA,NA,NA
"855",NA,NA,NA,1
"856",NA,NA,NA,0
"857",NA,0,NA,NA
"858",NA,0,NA,NA
"859",NA,0,NA,NA
"860",0,NA,NA,NA
"861",NA,NA,NA,0
"862",NA,NA,0,NA
"863",NA,0,NA,NA
"864",NA,NA,0,NA
"865",NA,NA,NA,1
"866",0,NA,NA,NA
"867",NA,NA,0,NA
"868",NA,NA,NA,1
"869",NA,0,NA,NA
"870",0,NA,NA,NA
"871",NA,NA,0,NA
"872",NA,NA,0,NA
"873",NA,0,NA,NA
"874",NA,0,NA,NA
"875",NA,NA,NA,0
"876",NA,NA,NA,0
"877",0,NA,NA,NA
"878",NA,0,NA,NA
"879",NA,0,NA,NA
"880",NA,NA,NA,0
"881",NA,NA,NA,1
"882",NA,NA,0,NA
"883",1,NA,NA,NA
"884",1,NA,NA,NA
"885",NA,NA,1,NA
"886",NA,0,NA,NA
"887",NA,0,NA,NA
"888",NA,NA,0,NA
"889",NA,NA,0,NA
"890",NA,NA,NA,1
"891",0,NA,NA,NA
"892",0,NA,NA,NA
"893",NA,NA,0,NA
"894",0,NA,NA,NA
"895",NA,NA,NA,0
"896",NA,0,NA,NA
"897",NA,NA,0,NA
"898",NA,NA,NA,0
"899",NA,0,NA,NA
"900",NA,NA,NA,1
"901",0,NA,NA,NA
"902",NA,0,NA,NA
"903",NA,1,NA,NA
"904",NA,0,NA,NA
"905",0,NA,NA,NA
"906",NA,0,NA,NA
"907",NA,NA,0,NA
"908",NA,NA,NA,0
"909",NA,0,NA,NA
"910",NA,NA,0,NA
"911",0,NA,NA,NA
"912",0,NA,NA,NA
"913",0,NA,NA,NA
"914",NA,0,NA,NA
"915",NA,1,NA,NA
"916",0,NA,NA,NA
"917",0,NA,NA,NA
"918",NA,0,NA,NA
"919",0,NA,NA,NA
"920",NA,NA,0,NA
"921",NA,0,NA,NA
"922",NA,NA,0,NA
"923",NA,NA,0,NA
"924",NA,1,NA,NA
"925",NA,0,NA,NA
"926",NA,0,NA,NA
"927",1,NA,NA,NA
"928",NA,NA,0,NA
"929",NA,NA,1,NA
"930",0,NA,NA,NA
"931",1,NA,NA,NA
"932",1,NA,NA,NA
"933",1,NA,NA,NA
"934",NA,NA,NA,0
"935",NA,0,NA,NA
"936",0,NA,NA,NA
"937",NA,0,NA,NA
"938",1,NA,NA,NA
"939",NA,NA,NA,1
"940",0,NA,NA,NA
"941",NA,NA,0,NA
"942",NA,NA,0,NA
"943",1,NA,NA,NA
"944",NA,0,NA,NA
"945",NA,0,NA,NA
"946",NA,0,NA,NA
"947",1,NA,NA,NA
"948",1,NA,NA,NA
"949",0,NA,NA,NA
"950",NA,0,NA,NA
"951",NA,NA,0,NA
"952",NA,NA,NA,1
"953",NA,NA,NA,1
"954",NA,NA,0,NA
"955",NA,NA,NA,0
"956",NA,NA,NA,0
"957",NA,1,NA,NA
"958",NA,0,NA,NA
"959",NA,NA,0,NA
"960",NA,0,NA,NA
"961",NA,0,NA,NA
"962",NA,NA,NA,1
"963",NA,NA,NA,0
"964",NA,1,NA,NA
"965",NA,NA,NA,0
"966",0,NA,NA,NA
"967",NA,0,NA,NA
"968",NA,0,NA,NA
"969",NA,0,NA,NA
"970",NA,0,NA,NA
"971",NA,NA,NA,0
"972",0,NA,NA,NA
"973",NA,0,NA,NA
"974",1,NA,NA,NA
"975",NA,0,NA,NA
"976",NA,NA,NA,0
"977",NA,NA,0,NA
"978",NA,0,NA,NA
"979",0,NA,NA,NA
"980",NA,1,NA,NA
"981",NA,NA,NA,0
"982",0,NA,NA,NA
"983",NA,NA,0,NA
"984",0,NA,NA,NA
"985",NA,NA,NA,0
"986",0,NA,NA,NA
"987",NA,NA,NA,0
"988",0,NA,NA,NA
"989",NA,NA,NA,0
"990",NA,NA,0,NA
"991",NA,NA,0,NA
"992",NA,0,NA,NA
"993",0,NA,NA,NA
"994",NA,NA,0,NA
"995",1,NA,NA,NA
"996",NA,NA,NA,1
"997",0,NA,NA,NA
"998",NA,NA,NA,1
"999",0,NA,NA,NA
"1000",NA,NA,NA,0
"1001",0,NA,NA,NA
"1002",NA,0,NA,NA
"1003",NA,NA,1,NA
"1004",NA,NA,1,NA
"1005",0,NA,NA,NA
"1006",NA,0,NA,NA
"1007",0,NA,NA,NA
"1008",0,NA,NA,NA
"1009",NA,NA,0,NA
"1010",0,NA,NA,NA
"1011",NA,0,NA,NA
"1012",NA,1,NA,NA
"1013",NA,NA,0,NA
"1014",NA,1,NA,NA
"1015",NA,NA,NA,0
"1016",NA,NA,NA,1
"1017",NA,NA,NA,0
"1018",NA,0,NA,NA
"1019",0,NA,NA,NA
"1020",NA,NA,NA,1
"1021",1,NA,NA,NA
"1022",NA,NA,0,NA
"1023",0,NA,NA,NA
"1024",0,NA,NA,NA
"1025",NA,NA,NA,0
"1026",0,NA,NA,NA
"1027",NA,NA,0,NA
"1028",NA,NA,0,NA
"1029",0,NA,NA,NA
"1030",NA,NA,NA,0
"1031",NA,NA,NA,1
"1032",NA,0,NA,NA
"1033",NA,1,NA,NA
"1034",NA,NA,0,NA
"1035",NA,0,NA,NA
"1036",NA,1,NA,NA
"1037",NA,NA,1,NA
"1038",NA,NA,0,NA
"1039",NA,0,NA,NA
"1040",NA,0,NA,NA
"1041",1,NA,NA,NA
"1042",NA,NA,0,NA
"1043",NA,NA,NA,0
"1044",NA,NA,0,NA
"1045",1,NA,NA,NA
"1046",NA,NA,0,NA
"1047",0,NA,NA,NA
"1048",NA,NA,1,NA
"1049",NA,NA,0,NA
"1050",NA,NA,0,NA
"1051",0,NA,NA,NA
"1052",NA,NA,0,NA
"1053",NA,NA,1,NA
"1054",0,NA,NA,NA
"1055",NA,0,NA,NA
"1056",NA,NA,0,NA
"1057",NA,NA,0,NA
"1058",0,NA,NA,NA
"1059",NA,NA,0,NA
"1060",NA,0,NA,NA
"1061",NA,NA,0,NA
"1062",NA,NA,NA,0
"1063",NA,NA,0,NA
"1064",NA,0,NA,NA
"1065",0,NA,NA,NA
"1066",NA,0,NA,NA
"1067",1,NA,NA,NA
"1068",NA,NA,NA,0
"1069",NA,NA,1,NA
"1070",0,NA,NA,NA
"1071",NA,NA,NA,0
"1072",NA,NA,NA,0
"1073",NA,NA,0,NA
"1074",0,NA,NA,NA
"1075",0,NA,NA,NA
"1076",NA,0,NA,NA
"1077",NA,NA,0,NA
"1078",0,NA,NA,NA
"1079",0,NA,NA,NA
"1080",NA,NA,NA,0
"1081",NA,NA,0,NA
"1082",NA,NA,1,NA
"1083",NA,0,NA,NA
"1084",NA,NA,NA,0
"1085",NA,0,NA,NA
"1086",NA,0,NA,NA
"1087",1,NA,NA,NA
"1088",NA,0,NA,NA
"1089",NA,1,NA,NA
"1090",NA,0,NA,NA
"1091",NA,NA,0,NA
"1092",NA,1,NA,NA
"1093",NA,0,NA,NA
"1094",1,NA,NA,NA
"1095",1,NA,NA,NA
"1096",NA,NA,0,NA
"1097",NA,1,NA,NA
"1098",0,NA,NA,NA
"1099",0,NA,NA,NA
"1100",NA,NA,1,NA
"1101",0,NA,NA,NA
"1102",NA,NA,0,NA
"1103",0,NA,NA,NA
"1104",NA,NA,NA,0
"1105",NA,NA,0,NA
"1106",NA,NA,NA,0
"1107",0,NA,NA,NA
"1108",0,NA,NA,NA
"1109",NA,NA,0,NA
"1110",NA,NA,NA,1
"1111",NA,1,NA,NA
"1112",0,NA,NA,NA
"1113",NA,NA,0,NA
"1114",0,NA,NA,NA
"1115",NA,NA,1,NA
"1116",NA,0,NA,NA
"1117",NA,0,NA,NA
"1118",NA,NA,NA,1
"1119",0,NA,NA,NA
"1120",NA,NA,1,NA
"1121",NA,NA,0,NA
"1122",NA,NA,1,NA
"1123",NA,0,NA,NA
"1124",NA,NA,NA,0
"1125",NA,0,NA,NA
"1126",NA,0,NA,NA
"1127",NA,0,NA,NA
"1128",NA,NA,NA,0
"1129",NA,0,NA,NA
"1130",NA,NA,NA,0
"1131",NA,0,NA,NA
"1132",NA,0,NA,NA
"1133",NA,0,NA,NA
"1134",NA,NA,0,NA
"1135",0,NA,NA,NA
"1136",NA,0,NA,NA
"1137",NA,0,NA,NA
"1138",0,NA,NA,NA
"1139",NA,NA,NA,0
"1140",0,NA,NA,NA
"1141",NA,1,NA,NA
"1142",NA,NA,NA,0
"1143",NA,0,NA,NA
"1144",NA,1,NA,NA
"1145",NA,NA,NA,0
"1146",0,NA,NA,NA
"1147",NA,0,NA,NA
"1148",NA,NA,0,NA
"1149",NA,NA,0,NA
"1150",NA,0,NA,NA
"1151",0,NA,NA,NA
"1152",1,NA,NA,NA
"1153",0,NA,NA,NA
"1154",NA,NA,1,NA
"1155",0,NA,NA,NA
"1156",NA,NA,NA,1
"1157",NA,NA,NA,1
"1158",0,NA,NA,NA
"1159",NA,0,NA,NA
"1160",0,NA,NA,NA
"1161",NA,NA,NA,0
"1162",1,NA,NA,NA
"1163",1,NA,NA,NA
"1164",NA,NA,NA,0
"1165",NA,NA,NA,1
"1166",NA,NA,1,NA
"1167",0,NA,NA,NA
"1168",NA,NA,NA,0
"1169",0,NA,NA,NA
"1170",NA,0,NA,NA
"1171",NA,0,NA,NA
"1172",NA,0,NA,NA
"1173",NA,NA,NA,0
"1174",NA,NA,NA,0
"1175",NA,NA,1,NA
"1176",1,NA,NA,NA
"1177",0,NA,NA,NA
"1178",NA,NA,NA,0
"1179",NA,1,NA,NA
"1180",NA,NA,NA,1
"1181",NA,0,NA,NA
"1182",NA,0,NA,NA
"1183",NA,NA,NA,1
"1184",NA,NA,1,NA
"1185",0,NA,NA,NA
"1186",NA,0,NA,NA
"1187",NA,NA,NA,0
"1188",NA,0,NA,NA
"1189",0,NA,NA,NA
"1190",1,NA,NA,NA
"1191",NA,NA,0,NA
"1192",NA,1,NA,NA
"1193",NA,0,NA,NA
"1194",NA,0,NA,NA
"1195",NA,0,NA,NA
"1196",0,NA,NA,NA
"1197",NA,0,NA,NA
"1198",NA,NA,NA,0
"1199",NA,0,NA,NA
"1200",NA,0,NA,NA
"1201",NA,0,NA,NA
"1202",0,NA,NA,NA
"1203",NA,NA,NA,0
"1204",NA,NA,0,NA
"1205",NA,NA,NA,0
"1206",NA,NA,NA,0
"1207",NA,NA,1,NA
"1208",NA,0,NA,NA
"1209",0,NA,NA,NA
"1210",NA,0,NA,NA
"1211",NA,1,NA,NA
"1212",0,NA,NA,NA
"1213",NA,NA,0,NA
"1214",0,NA,NA,NA
"1215",NA,NA,1,NA
"1216",NA,NA,NA,0
"1217",NA,NA,NA,1
"1218",NA,NA,NA,0
"1219",NA,NA,NA,0
"1220",NA,0,NA,NA
"1221",NA,NA,NA,0
"1222",NA,NA,NA,1
"1223",0,NA,NA,NA
"1224",NA,0,NA,NA
"1225",NA,NA,0,NA
"1226",NA,0,NA,NA
"1227",0,NA,NA,NA
"1228",0,NA,NA,NA
"1229",NA,NA,0,NA
"1230",NA,NA,0,NA
"1231",NA,NA,NA,0
"1232",NA,1,NA,NA
"1233",NA,0,NA,NA
"1234",NA,0,NA,NA
"1235",NA,0,NA,NA
"1236",NA,0,NA,NA
"1237",NA,0,NA,NA
"1238",NA,NA,NA,1
"1239",1,NA,NA,NA
"1240",1,NA,NA,NA
"1241",NA,0,NA,NA
"1242",NA,NA,NA,0
"1243",NA,NA,NA,1
"1244",NA,1,NA,NA
"1245",1,NA,NA,NA
"1246",0,NA,NA,NA
"1247",NA,NA,1,NA
"1248",0,NA,NA,NA
"1249",NA,0,NA,NA
"1250",NA,NA,0,NA
"1251",NA,NA,0,NA
"1252",NA,NA,NA,0
"1253",NA,NA,1,NA
"1254",NA,NA,NA,0
"1255",NA,NA,NA,0
"1256",NA,NA,NA,0
"1257",NA,NA,0,NA
"1258",NA,NA,0,NA
"1259",0,NA,NA,NA
"1260",0,NA,NA,NA
"1261",NA,0,NA,NA
"1262",NA,0,NA,NA
"1263",1,NA,NA,NA
"1264",NA,NA,NA,0
"1265",NA,0,NA,NA
"1266",NA,NA,0,NA
"1267",0,NA,NA,NA
"1268",NA,NA,NA,0
"1269",NA,NA,0,NA
"1270",0,NA,NA,NA
"1271",NA,0,NA,NA
"1272",NA,NA,NA,0
"1273",NA,0,NA,NA
"1274",NA,0,NA,NA
"1275",1,NA,NA,NA
"1276",NA,0,NA,NA
"1277",NA,1,NA,NA
"1278",NA,NA,0,NA
"1279",NA,NA,1,NA
"1280",NA,NA,0,NA
"1281",NA,NA,0,NA
"1282",NA,NA,NA,1
"1283",NA,NA,NA,0
"1284",0,NA,NA,NA
"1285",NA,NA,0,NA
"1286",NA,NA,0,NA
"1287",NA,0,NA,NA
"1288",NA,NA,NA,0
"1289",NA,NA,0,NA
"1290",0,NA,NA,NA
"1291",NA,NA,NA,1
"1292",NA,NA,0,NA
"1293",NA,NA,0,NA
"1294",NA,NA,0,NA
"1295",NA,NA,0,NA
"1296",NA,0,NA,NA
"1297",NA,NA,1,NA
"1298",NA,NA,NA,0
"1299",NA,0,NA,NA
"1300",NA,0,NA,NA
"1301",NA,NA,0,NA
"1302",NA,0,NA,NA
"1303",NA,NA,0,NA
"1304",NA,1,NA,NA
"1305",NA,NA,NA,0
"1306",0,NA,NA,NA
"1307",NA,0,NA,NA
"1308",NA,NA,NA,0
"1309",0,NA,NA,NA
"1310",NA,NA,1,NA
"1311",NA,1,NA,NA
"1312",NA,NA,0,NA
"1313",NA,NA,1,NA
"1314",0,NA,NA,NA
"1315",NA,NA,NA,1
"1316",NA,NA,NA,0
"1317",NA,NA,0,NA
"1318",NA,NA,1,NA
"1319",NA,NA,NA,0
"1320",NA,NA,NA,0
"1321",0,NA,NA,NA
"1322",NA,0,NA,NA
"1323",NA,NA,0,NA
"1324",NA,0,NA,NA
"1325",NA,NA,1,NA
"1326",NA,0,NA,NA
"1327",NA,NA,NA,0
"1328",0,NA,NA,NA
"1329",NA,NA,0,NA
"1330",0,NA,NA,NA
"1331",NA,NA,NA,0
"1332",NA,NA,0,NA
"1333",0,NA,NA,NA
"1334",NA,NA,1,NA
"1335",0,NA,NA,NA
"1336",NA,NA,0,NA
"1337",NA,0,NA,NA
"1338",1,NA,NA,NA
"1339",NA,0,NA,NA
"1340",0,NA,NA,NA
"1341",NA,NA,NA,1
"1342",NA,NA,0,NA
"1343",NA,0,NA,NA
"1344",NA,NA,NA,1
"1345",NA,0,NA,NA
"1346",NA,0,NA,NA
"1347",NA,NA,1,NA
"1348",NA,1,NA,NA
"1349",NA,0,NA,NA
"1350",0,NA,NA,NA
"1351",0,NA,NA,NA
"1352",0,NA,NA,NA
"1353",NA,NA,NA,0
"1354",NA,NA,NA,1
"1355",NA,NA,NA,0
"1356",0,NA,NA,NA
"1357",NA,NA,NA,0
"1358",NA,NA,NA,0
"1359",NA,0,NA,NA
"1360",NA,NA,NA,1
"1361",NA,NA,NA,1
"1362",0,NA,NA,NA
"1363",NA,NA,NA,0
"1364",NA,NA,0,NA
"1365",NA,NA,NA,0
"1366",NA,NA,NA,0
"1367",NA,NA,0,NA
"1368",NA,NA,NA,1
"1369",NA,0,NA,NA
"1370",0,NA,NA,NA
"1371",NA,NA,0,NA
"1372",0,NA,NA,NA
"1373",NA,NA,0,NA
"1374",NA,1,NA,NA
"1375",NA,1,NA,NA
"1376",NA,NA,0,NA
"1377",NA,NA,0,NA
"1378",NA,NA,0,NA
"1379",NA,NA,0,NA
"1380",NA,NA,NA,0
"1381",0,NA,NA,NA
"1382",NA,0,NA,NA
"1383",NA,NA,1,NA
"1384",NA,0,NA,NA
"1385",NA,NA,NA,1
"1386",NA,0,NA,NA
"1387",NA,0,NA,NA
"1388",NA,1,NA,NA
"1389",0,NA,NA,NA
"1390",NA,NA,0,NA
"1391",NA,NA,0,NA
"1392",NA,NA,0,NA
"1393",NA,0,NA,NA
"1394",NA,NA,NA,0
"1395",NA,NA,NA,1
"1396",NA,NA,0,NA
"1397",0,NA,NA,NA
"1398",NA,1,NA,NA
"1399",NA,NA,NA,0
"1400",NA,NA,1,NA
"1401",1,NA,NA,NA
"1402",NA,0,NA,NA
"1403",0,NA,NA,NA
"1404",0,NA,NA,NA
"1405",0,NA,NA,NA
"1406",NA,NA,1,NA
"1407",NA,NA,0,NA
"1408",NA,NA,NA,0
"1409",NA,NA,0,NA
"1410",1,NA,NA,NA
"1411",NA,NA,NA,0
"1412",0,NA,NA,NA
"1413",0,NA,NA,NA
"1414",1,NA,NA,NA
"1415",NA,0,NA,NA
"1416",NA,NA,NA,0
"1417",NA,NA,NA,0
"1418",NA,NA,0,NA
"1419",NA,NA,1,NA
"1420",0,NA,NA,NA
"1421",1,NA,NA,NA
"1422",NA,0,NA,NA
"1423",NA,NA,0,NA
"1424",NA,0,NA,NA
"1425",NA,NA,NA,0
"1426",0,NA,NA,NA
"1427",NA,0,NA,NA
"1428",NA,NA,0,NA
"1429",0,NA,NA,NA
"1430",0,NA,NA,NA
"1431",NA,NA,0,NA
"1432",1,NA,NA,NA
"1433",NA,NA,NA,0
"1434",0,NA,NA,NA
"1435",NA,NA,NA,0
"1436",NA,0,NA,NA
"1437",0,NA,NA,NA
"1438",NA,NA,0,NA
"1439",NA,NA,1,NA
"1440",0,NA,NA,NA
"1441",NA,NA,NA,1
"1442",NA,0,NA,NA
"1443",0,NA,NA,NA
"1444",0,NA,NA,NA
"1445",0,NA,NA,NA
"1446",NA,NA,0,NA
"1447",NA,NA,NA,0
"1448",0,NA,NA,NA
"1449",0,NA,NA,NA
"1450",NA,NA,NA,0
"1451",NA,0,NA,NA
"1452",NA,NA,NA,0
"1453",0,NA,NA,NA
"1454",NA,NA,NA,0
"1455",NA,0,NA,NA
"1456",NA,NA,NA,0
"1457",NA,NA,1,NA
"1458",NA,NA,NA,0
"1459",NA,NA,1,NA
"1460",NA,NA,1,NA
"1461",NA,NA,0,NA
"1462",0,NA,NA,NA
"1463",NA,NA,1,NA
"1464",NA,0,NA,NA
"1465",NA,0,NA,NA
"1466",NA,0,NA,NA
"1467",NA,NA,NA,0
"1468",NA,NA,NA,0
"1469",NA,NA,1,NA
"1470",0,NA,NA,NA
"1471",NA,NA,NA,0
"1472",NA,0,NA,NA
"1473",NA,NA,NA,0
"1474",0,NA,NA,NA
"1475",NA,0,NA,NA
"1476",0,NA,NA,NA
"1477",NA,0,NA,NA
"1478",0,NA,NA,NA
"1479",NA,1,NA,NA
"1480",NA,1,NA,NA
"1481",NA,NA,0,NA
"1482",NA,NA,NA,0
"1483",NA,NA,NA,1
"1484",NA,NA,NA,1
"1485",NA,0,NA,NA
"1486",NA,NA,0,NA
"1487",NA,NA,NA,0
"1488",NA,NA,1,NA
"1489",NA,NA,NA,0
"1490",NA,NA,NA,0
"1491",NA,0,NA,NA
"1492",0,NA,NA,NA
"1493",NA,NA,NA,0
"1494",NA,NA,0,NA
"1495",0,NA,NA,NA
"1496",NA,NA,0,NA
"1497",0,NA,NA,NA
"1498",NA,0,NA,NA
"1499",NA,0,NA,NA
"1500",1,NA,NA,NA
"1501",NA,0,NA,NA
"1502",NA,NA,NA,1
"1503",NA,0,NA,NA
"1504",0,NA,NA,NA
"1505",NA,NA,0,NA
"1506",NA,0,NA,NA
"1507",0,NA,NA,NA
"1508",NA,NA,0,NA
"1509",NA,NA,NA,1
"1510",NA,0,NA,NA
"1511",NA,NA,0,NA
"1512",1,NA,NA,NA
"1513",1,NA,NA,NA
"1514",0,NA,NA,NA
"1515",NA,1,NA,NA
"1516",0,NA,NA,NA
"1517",NA,0,NA,NA
"1518",NA,0,NA,NA
"1519",0,NA,NA,NA
"1520",NA,NA,0,NA
"1521",NA,NA,0,NA
"1522",NA,NA,NA,0
"1523",NA,NA,NA,1
"1524",0,NA,NA,NA
"1525",NA,0,NA,NA
"1526",NA,0,NA,NA
"1527",NA,NA,NA,1
"1528",NA,NA,0,NA
"1529",1,NA,NA,NA
"1530",NA,0,NA,NA
"1531",NA,NA,NA,0
"1532",0,NA,NA,NA
"1533",NA,NA,1,NA
"1534",NA,NA,NA,0
"1535",NA,NA,NA,1
"1536",NA,NA,1,NA
"1537",NA,NA,NA,1
"1538",NA,NA,0,NA
"1539",NA,NA,0,NA
"1540",NA,NA,0,NA
"1541",NA,0,NA,NA
"1542",0,NA,NA,NA
"1543",NA,NA,0,NA
"1544",NA,NA,NA,0
"1545",0,NA,NA,NA
"1546",NA,NA,NA,0
"1547",NA,NA,0,NA
"1548",NA,NA,0,NA
"1549",0,NA,NA,NA
"1550",NA,NA,0,NA
"1551",NA,0,NA,NA
"1552",NA,0,NA,NA
"1553",NA,NA,NA,1
"1554",NA,NA,0,NA
"1555",NA,NA,NA,0
"1556",NA,1,NA,NA
"1557",0,NA,NA,NA
"1558",NA,0,NA,NA
"1559",NA,NA,NA,1
"1560",0,NA,NA,NA
"1561",NA,0,NA,NA
"1562",0,NA,NA,NA
"1563",NA,NA,NA,0
"1564",NA,NA,0,NA
"1565",NA,1,NA,NA
"1566",0,NA,NA,NA
"1567",NA,0,NA,NA
"1568",NA,NA,NA,0
"1569",0,NA,NA,NA
"1570",NA,0,NA,NA
"1571",NA,NA,0,NA
"1572",0,NA,NA,NA
"1573",1,NA,NA,NA
"1574",NA,NA,0,NA
"1575",NA,1,NA,NA
"1576",NA,NA,NA,0
"1577",0,NA,NA,NA
"1578",NA,0,NA,NA
"1579",NA,0,NA,NA
"1580",NA,0,NA,NA
"1581",1,NA,NA,NA
"1582",NA,NA,0,NA
"1583",NA,0,NA,NA
"1584",NA,NA,NA,1
"1585",NA,NA,NA,0
"1586",NA,NA,0,NA
"1587",NA,NA,NA,0
"1588",NA,NA,1,NA
"1589",1,NA,NA,NA
"1590",1,NA,NA,NA
"1591",NA,NA,0,NA
"1592",NA,NA,NA,0
"1593",0,NA,NA,NA
"1594",NA,0,NA,NA
"1595",NA,NA,0,NA
"1596",NA,NA,0,NA
"1597",NA,NA,NA,0
"1598",NA,NA,0,NA
"1599",NA,1,NA,NA
"1600",NA,NA,0,NA
"1601",NA,NA,1,NA
"1602",NA,NA,0,NA
"1603",0,NA,NA,NA
"1604",NA,NA,1,NA
"1605",NA,1,NA,NA
"1606",NA,NA,0,NA
"1607",NA,0,NA,NA
"1608",0,NA,NA,NA
"1609",NA,NA,NA,1
"1610",NA,NA,0,NA
"1611",NA,NA,0,NA
"1612",NA,1,NA,NA
"1613",NA,NA,NA,0
"1614",NA,0,NA,NA
"1615",NA,0,NA,NA
"1616",0,NA,NA,NA
"1617",NA,NA,1,NA
"1618",NA,NA,0,NA
"1619",0,NA,NA,NA
"1620",NA,NA,NA,0
"1621",NA,1,NA,NA
"1622",NA,NA,NA,1
"1623",1,NA,NA,NA
"1624",NA,NA,1,NA
"1625",NA,0,NA,NA
"1626",NA,NA,NA,0
"1627",NA,0,NA,NA
"1628",NA,0,NA,NA
"1629",NA,1,NA,NA
"1630",NA,0,NA,NA
"1631",NA,NA,NA,0
"1632",NA,NA,NA,0
"1633",NA,NA,0,NA
"1634",NA,NA,0,NA
"1635",NA,0,NA,NA
"1636",NA,NA,1,NA
"1637",NA,NA,NA,1
"1638",NA,NA,NA,0
"1639",0,NA,NA,NA
"1640",0,NA,NA,NA
"1641",1,NA,NA,NA
"1642",NA,NA,NA,1
"1643",NA,0,NA,NA
"1644",NA,NA,NA,1
"1645",NA,0,NA,NA
"1646",NA,NA,0,NA
"1647",NA,NA,NA,0
"1648",0,NA,NA,NA
"1649",NA,1,NA,NA
"1650",0,NA,NA,NA
"1651",NA,0,NA,NA
"1652",NA,NA,NA,0
"1653",NA,NA,NA,0
"1654",1,NA,NA,NA
"1655",NA,NA,NA,0
"1656",NA,0,NA,NA
"1657",NA,NA,0,NA
"1658",NA,NA,0,NA
"1659",NA,NA,0,NA
"1660",NA,NA,0,NA
"1661",0,NA,NA,NA
"1662",NA,NA,NA,0
"1663",NA,NA,NA,0
"1664",NA,NA,NA,1
"1665",NA,NA,0,NA
"1666",NA,0,NA,NA
"1667",NA,NA,0,NA
"1668",NA,0,NA,NA
"1669",NA,NA,NA,0
"1670",0,NA,NA,NA
"1671",NA,NA,0,NA
"1672",NA,0,NA,NA
"1673",NA,0,NA,NA
"1674",NA,1,NA,NA
"1675",NA,NA,0,NA
"1676",NA,NA,0,NA
"1677",NA,0,NA,NA
"1678",NA,NA,0,NA
"1679",NA,NA,0,NA
"1680",NA,NA,0,NA
"1681",0,NA,NA,NA
"1682",NA,NA,NA,1
"1683",0,NA,NA,NA
"1684",NA,NA,NA,0
"1685",NA,NA,NA,1
"1686",NA,NA,NA,1
"1687",NA,NA,NA,0
"1688",NA,NA,NA,1
"1689",NA,0,NA,NA
"1690",NA,1,NA,NA
"1691",NA,NA,1,NA
"1692",NA,NA,0,NA
"1693",0,NA,NA,NA
"1694",NA,NA,NA,0
"1695",1,NA,NA,NA
"1696",0,NA,NA,NA
"1697",0,NA,NA,NA
"1698",NA,0,NA,NA
"1699",0,NA,NA,NA
"1700",NA,0,NA,NA
"1701",NA,0,NA,NA
"1702",NA,NA,0,NA
"1703",1,NA,NA,NA
"1704",NA,0,NA,NA
"1705",NA,NA,1,NA
"1706",NA,NA,0,NA
"1707",0,NA,NA,NA
"1708",0,NA,NA,NA
"1709",NA,NA,0,NA
"1710",NA,1,NA,NA
"1711",0,NA,NA,NA
"1712",NA,NA,0,NA
"1713",NA,NA,0,NA
"1714",NA,NA,0,NA
"1715",NA,0,NA,NA
"1716",NA,NA,NA,0
"1717",NA,NA,0,NA
"1718",NA,NA,NA,1
"1719",NA,NA,0,NA
"1720",NA,NA,NA,1
"1721",0,NA,NA,NA
"1722",NA,1,NA,NA
"1723",0,NA,NA,NA
"1724",NA,NA,0,NA
"1725",NA,0,NA,NA
"1726",0,NA,NA,NA
"1727",NA,0,NA,NA
"1728",NA,NA,NA,1
"1729",0,NA,NA,NA
"1730",NA,NA,1,NA
"1731",0,NA,NA,NA
"1732",NA,NA,0,NA
"1733",NA,0,NA,NA
"1734",0,NA,NA,NA
"1735",NA,NA,NA,0
"1736",NA,0,NA,NA
"1737",NA,0,NA,NA
"1738",NA,NA,0,NA
"1739",NA,NA,NA,0
"1740",NA,NA,NA,0
"1741",NA,NA,NA,0
"1742",NA,NA,NA,0
"1743",NA,NA,NA,0
"1744",NA,NA,NA,0
"1745",0,NA,NA,NA
"1746",NA,0,NA,NA
"1747",NA,NA,0,NA
"1748",NA,0,NA,NA
"1749",NA,NA,0,NA
"1750",NA,NA,NA,0
"1751",0,NA,NA,NA
"1752",NA,0,NA,NA
"1753",NA,NA,0,NA
"1754",0,NA,NA,NA
"1755",NA,NA,0,NA
"1756",NA,NA,NA,0
"1757",NA,1,NA,NA
"1758",NA,NA,NA,1
"1759",NA,NA,1,NA
"1760",NA,NA,NA,1
"1761",1,NA,NA,NA
"1762",1,NA,NA,NA
"1763",NA,NA,0,NA
"1764",NA,0,NA,NA
"1765",NA,NA,1,NA
"1766",0,NA,NA,NA
"1767",0,NA,NA,NA
"1768",0,NA,NA,NA
"1769",NA,NA,0,NA
"1770",0,NA,NA,NA
"1771",NA,NA,NA,0
"1772",NA,NA,NA,0
"1773",NA,NA,NA,1
"1774",NA,0,NA,NA
"1775",0,NA,NA,NA
"1776",0,NA,NA,NA
"1777",NA,NA,NA,0
"1778",NA,0,NA,NA
"1779",NA,NA,NA,1
"1780",0,NA,NA,NA
"1781",NA,NA,NA,1
"1782",NA,0,NA,NA
"1783",0,NA,NA,NA
"1784",NA,NA,0,NA
"1785",NA,NA,0,NA
"1786",NA,NA,0,NA
"1787",NA,NA,0,NA
"1788",NA,NA,1,NA
"1789",0,NA,NA,NA
"1790",1,NA,NA,NA
"1791",NA,NA,NA,1
"1792",NA,1,NA,NA
"1793",0,NA,NA,NA
"1794",0,NA,NA,NA
"1795",NA,NA,NA,0
"1796",NA,NA,NA,0
"1797",NA,1,NA,NA
"1798",NA,0,NA,NA
"1799",0,NA,NA,NA
"1800",NA,NA,0,NA
"1801",NA,NA,NA,0
"1802",1,NA,NA,NA
"1803",NA,0,NA,NA
"1804",0,NA,NA,NA
"1805",NA,0,NA,NA
"1806",NA,NA,NA,0
"1807",NA,NA,0,NA
"1808",NA,NA,1,NA
"1809",NA,NA,0,NA
"1810",NA,0,NA,NA
"1811",NA,0,NA,NA
"1812",NA,NA,0,NA
"1813",NA,NA,NA,0
"1814",NA,0,NA,NA
"1815",NA,0,NA,NA
"1816",NA,1,NA,NA
"1817",NA,NA,0,NA
"1818",NA,NA,NA,0
"1819",NA,NA,0,NA
"1820",NA,NA,NA,0
"1821",0,NA,NA,NA
"1822",NA,NA,NA,0
"1823",0,NA,NA,NA
"1824",NA,NA,NA,1
"1825",NA,1,NA,NA
"1826",NA,1,NA,NA
"1827",NA,NA,NA,0
"1828",NA,NA,NA,0
"1829",NA,NA,0,NA
"1830",NA,0,NA,NA
"1831",NA,NA,NA,0
"1832",NA,0,NA,NA
"1833",NA,0,NA,NA
"1834",NA,NA,0,NA
"1835",NA,NA,NA,0
"1836",0,NA,NA,NA
"1837",NA,0,NA,NA
"1838",NA,NA,0,NA
"1839",0,NA,NA,NA
"1840",NA,0,NA,NA
"1841",NA,NA,NA,0
"1842",NA,NA,NA,1
"1843",0,NA,NA,NA
"1844",0,NA,NA,NA
"1845",0,NA,NA,NA
"1846",NA,1,NA,NA
"1847",NA,NA,0,NA
"1848",NA,1,NA,NA
"1849",1,NA,NA,NA
"1850",NA,NA,NA,0
"1851",NA,NA,0,NA
"1852",NA,0,NA,NA
"1853",NA,NA,NA,0
"1854",NA,NA,NA,0
"1855",0,NA,NA,NA
"1856",NA,NA,NA,0
"1857",0,NA,NA,NA
"1858",NA,0,NA,NA
"1859",NA,0,NA,NA
"1860",NA,0,NA,NA
"1861",NA,0,NA,NA
"1862",NA,NA,0,NA
"1863",NA,NA,0,NA
"1864",0,NA,NA,NA
"1865",NA,NA,0,NA
"1866",NA,NA,0,NA
"1867",0,NA,NA,NA
"1868",NA,1,NA,NA
"1869",0,NA,NA,NA
"1870",NA,NA,0,NA
"1871",0,NA,NA,NA
"1872",0,NA,NA,NA
"1873",1,NA,NA,NA
"1874",NA,0,NA,NA
"1875",NA,NA,NA,0
"1876",NA,NA,0,NA
"1877",0,NA,NA,NA
"1878",NA,NA,0,NA
"1879",0,NA,NA,NA
"1880",NA,NA,0,NA
"1881",0,NA,NA,NA
"1882",1,NA,NA,NA
"1883",NA,0,NA,NA
"1884",NA,NA,0,NA
"1885",NA,NA,1,NA
"1886",NA,NA,NA,0
"1887",NA,NA,0,NA
"1888",NA,NA,NA,1
"1889",NA,NA,0,NA
"1890",NA,NA,NA,1
"1891",NA,0,NA,NA
"1892",0,NA,NA,NA
"1893",NA,NA,0,NA
"1894",NA,NA,1,NA
"1895",NA,NA,0,NA
"1896",NA,NA,NA,0
"1897",NA,0,NA,NA
"1898",NA,NA,0,NA
"1899",NA,0,NA,NA
"1900",NA,NA,0,NA
"1901",NA,1,NA,NA
"1902",NA,NA,1,NA
"1903",NA,NA,1,NA
"1904",1,NA,NA,NA
"1905",NA,NA,0,NA
"1906",0,NA,NA,NA
"1907",1,NA,NA,NA
"1908",NA,NA,NA,0
"1909",NA,0,NA,NA
"1910",NA,0,NA,NA
"1911",NA,0,NA,NA
"1912",NA,NA,NA,0
"1913",NA,NA,NA,0
"1914",NA,NA,0,0
"1915",NA,NA,NA,0
"1916",NA,1,NA,NA
"1917",NA,NA,NA,0
"1918",NA,NA,NA,1
"1919",NA,NA,NA,0
"1920",NA,NA,0,NA
"1921",NA,0,NA,NA
"1922",NA,NA,NA,1
"1923",NA,NA,1,NA
"1924",NA,NA,NA,0
"1925",NA,0,NA,NA
"1926",NA,NA,NA,0
"1927",NA,1,NA,NA
"1928",NA,NA,1,NA
"1929",NA,NA,NA,0
"1930",NA,NA,1,NA
"1931",NA,NA,0,NA
"1932",NA,NA,NA,0
"1933",NA,NA,1,NA
"1934",NA,NA,0,NA
"1935",NA,0,NA,NA
"1936",1,NA,NA,NA
"1937",0,NA,NA,NA
"1938",NA,NA,NA,0
"1939",NA,NA,NA,1
"1940",0,NA,NA,NA
"1941",0,NA,NA,NA
"1942",NA,0,NA,NA
"1943",NA,NA,0,NA
"1944",0,NA,NA,NA
"1945",NA,NA,NA,0
"1946",NA,NA,NA,0
"1947",NA,NA,NA,0
"1948",NA,NA,NA,0
"1949",0,NA,NA,NA
"1950",0,NA,NA,NA
"1951",NA,0,NA,NA
"1952",0,NA,NA,NA
"1953",0,NA,NA,NA
"1954",NA,NA,NA,0
"1955",NA,0,NA,NA
"1956",NA,NA,NA,1
"1957",NA,NA,NA,0
"1958",0,NA,NA,NA
"1959",NA,NA,NA,0
"1960",NA,NA,0,NA
"1961",0,NA,NA,NA
"1962",0,NA,NA,NA
"1963",0,NA,NA,NA
"1964",1,NA,NA,NA
"1965",0,NA,NA,NA
"1966",NA,0,NA,NA
"1967",NA,NA,NA,0
"1968",0,NA,NA,NA
"1969",NA,NA,NA,0
"1970",NA,NA,1,NA
"1971",0,NA,NA,NA
"1972",NA,NA,0,NA
"1973",0,NA,NA,NA
"1974",0,NA,NA,NA
"1975",NA,NA,0,NA
"1976",NA,0,NA,NA
"1977",NA,0,NA,NA
"1978",NA,NA,0,NA
"1979",0,NA,NA,NA
"1980",NA,NA,0,NA
"1981",NA,NA,0,NA
"1982",NA,NA,NA,0
"1983",NA,0,NA,NA
"1984",NA,NA,NA,0
"1985",NA,0,NA,NA
"1986",NA,NA,NA,0
"1987",NA,NA,NA,0
"1988",NA,NA,1,NA
"1989",0,NA,NA,NA
"1990",NA,NA,0,NA
"1991",0,NA,NA,NA
"1992",1,NA,NA,NA
"1993",NA,NA,0,NA
"1994",NA,0,NA,NA
"1995",NA,1,NA,NA
"1996",NA,NA,NA,0
"1997",NA,NA,0,NA
"1998",NA,0,NA,NA
"1999",NA,NA,NA,1
"2000",NA,NA,NA,1
"2001",NA,NA,0,NA
"2002",NA,NA,NA,0
"2003",NA,1,NA,NA
"2004",NA,NA,0,NA
"2005",NA,NA,NA,0
"2006",NA,1,NA,NA
"2007",NA,NA,0,NA
"2008",0,NA,NA,NA
"2009",NA,NA,0,NA
"2010",0,NA,NA,NA
"2011",NA,NA,NA,1
"2012",1,NA,NA,NA
"2013",0,NA,NA,NA
"2014",0,NA,NA,NA
"2015",NA,NA,1,NA
"2016",0,NA,NA,NA
"2017",0,NA,NA,NA
"2018",0,NA,NA,NA
"2019",NA,NA,0,NA
"2020",NA,NA,NA,0
"2021",NA,0,NA,NA
"2022",NA,NA,0,NA
"2023",NA,NA,NA,0
"2024",NA,NA,NA,0
"2025",1,NA,NA,NA
"2026",0,NA,NA,NA
"2027",NA,1,NA,NA
"2028",NA,0,NA,NA
"2029",NA,NA,NA,0
"2030",NA,1,NA,NA
"2031",NA,0,NA,NA
"2032",NA,NA,1,NA
"2033",NA,0,NA,NA
"2034",NA,NA,NA,0
"2035",NA,0,NA,NA
"2036",NA,NA,NA,0
"2037",NA,1,NA,NA
"2038",NA,NA,0,NA
"2039",NA,NA,NA,1
"2040",0,NA,NA,NA
"2041",NA,0,NA,NA
"2042",NA,NA,NA,1
"2043",NA,NA,1,NA
"2044",NA,1,NA,NA
"2045",NA,NA,0,NA
"2046",0,NA,NA,NA
"2047",NA,NA,NA,1
"2048",NA,NA,NA,0
"2049",NA,NA,0,NA
"2050",NA,NA,0,NA
"2051",NA,NA,NA,0
"2052",NA,NA,NA,0
"2053",NA,NA,0,NA
"2054",NA,NA,NA,0
"2055",0,NA,NA,NA
"2056",0,NA,NA,NA
"2057",NA,0,NA,NA
"2058",NA,1,NA,NA
"2059",0,NA,NA,NA
"2060",NA,0,NA,NA
"2061",NA,1,NA,NA
"2062",NA,NA,NA,0
"2063",NA,NA,0,NA
"2064",NA,0,NA,NA
"2065",NA,NA,NA,0
"2066",NA,0,NA,NA
"2067",0,NA,NA,NA
"2068",NA,NA,0,NA
"2069",NA,1,NA,NA
"2070",0,NA,NA,NA
"2071",NA,NA,NA,0
"2072",NA,0,NA,NA
"2073",NA,0,NA,NA
"2074",NA,0,NA,NA
"2075",NA,NA,0,NA
"2076",NA,1,NA,NA
"2077",NA,NA,0,NA
"2078",0,NA,NA,NA
"2079",NA,NA,NA,0
"2080",NA,NA,NA,0
"2081",NA,1,NA,NA
"2082",0,NA,NA,NA
"2083",NA,1,NA,NA
"2084",NA,NA,NA,0
"2085",NA,NA,NA,0
"2086",NA,NA,0,NA
"2087",1,NA,NA,NA
"2088",NA,NA,NA,0
"2089",NA,NA,0,NA
"2090",0,NA,NA,NA
"2091",NA,NA,NA,0
"2092",NA,NA,NA,0
"2093",NA,NA,0,NA
"2094",NA,NA,0,NA
"2095",NA,0,NA,NA
"2096",NA,NA,NA,0
"2097",NA,0,NA,NA
"2098",NA,0,NA,NA
"2099",NA,NA,0,NA
"2100",NA,NA,0,NA
"2101",1,NA,NA,NA
"2102",NA,NA,0,NA
"2103",NA,0,NA,NA
"2104",NA,NA,0,NA
"2105",NA,NA,1,NA
"2106",NA,NA,NA,1
"2107",NA,NA,0,NA
"2108",NA,NA,NA,0
"2109",NA,0,NA,NA
"2110",NA,NA,NA,0
"2111",NA,NA,NA,0
"2112",0,NA,NA,NA
"2113",NA,NA,0,NA
"2114",NA,NA,NA,0
"2115",1,NA,NA,NA
"2116",NA,NA,NA,0
"2117",NA,0,NA,NA
"2118",NA,0,NA,NA
"2119",NA,NA,NA,0
"2120",NA,0,NA,NA
"2121",NA,NA,NA,0
"2122",NA,NA,NA,0
"2123",NA,NA,0,NA
"2124",NA,NA,NA,1
"2125",NA,NA,NA,0
"2126",NA,NA,NA,0
"2127",NA,NA,0,NA
"2128",NA,NA,1,NA
"2129",0,NA,NA,NA
"2130",NA,NA,NA,1
"2131",1,NA,NA,NA
"2132",0,NA,NA,NA
"2133",0,NA,NA,NA
"2134",NA,NA,NA,0
"2135",NA,NA,NA,0
"2136",NA,NA,1,NA
"2137",NA,NA,NA,0
"2138",0,NA,NA,NA
"2139",NA,NA,0,NA
"2140",NA,0,NA,NA
"2141",NA,0,NA,NA
"2142",0,NA,NA,NA
"2143",NA,NA,0,NA
"2144",NA,NA,0,NA
"2145",NA,0,NA,NA
"2146",0,NA,NA,NA
"2147",NA,0,NA,NA
"2148",NA,NA,0,NA
"2149",NA,NA,0,NA
"2150",NA,NA,NA,0
"2151",NA,0,NA,NA
"2152",NA,NA,NA,0
"2153",NA,NA,NA,0
"2154",NA,NA,NA,0
"2155",NA,NA,0,NA
"2156",NA,NA,NA,0
"2157",0,NA,NA,NA
"2158",NA,NA,NA,0
"2159",NA,NA,NA,1
"2160",NA,0,NA,NA
"2161",NA,NA,NA,0
"2162",NA,0,NA,NA
"2163",NA,NA,NA,1
"2164",NA,NA,0,NA
"2165",NA,0,NA,NA
"2166",NA,NA,NA,0
"2167",NA,0,NA,NA
"2168",NA,1,NA,NA
"2169",0,NA,NA,NA
"2170",0,NA,NA,NA
"2171",NA,0,NA,NA
"2172",1,NA,NA,NA
"2173",NA,1,NA,NA
"2174",NA,NA,0,NA
"2175",NA,NA,NA,1
"2176",NA,NA,NA,0
"2177",NA,0,NA,NA
"2178",NA,NA,NA,0
"2179",NA,NA,NA,0
"2180",NA,NA,NA,0
"2181",NA,NA,0,NA
"2182",NA,NA,NA,1
"2183",1,NA,NA,NA
"2184",NA,0,NA,NA
"2185",NA,NA,0,NA
"2186",NA,NA,1,NA
"2187",NA,0,NA,NA
"2188",NA,NA,NA,1
"2189",0,NA,NA,NA
"2190",1,NA,NA,NA
"2191",NA,NA,0,NA
"2192",NA,NA,NA,1
"2193",0,NA,NA,NA
"2194",0,NA,NA,NA
"2195",NA,0,NA,NA
"2196",NA,NA,0,NA
"2197",NA,NA,NA,0
"2198",1,NA,NA,NA
"2199",NA,NA,0,NA
"2200",0,NA,NA,NA
"2201",NA,NA,NA,0
"2202",NA,NA,NA,0
"2203",1,NA,NA,NA
"2204",0,NA,NA,NA
"2205",NA,NA,NA,0
"2206",NA,NA,NA,1
"2207",NA,NA,0,NA
"2208",NA,1,NA,NA
"2209",NA,0,NA,NA
"2210",NA,NA,1,NA
"2211",NA,NA,NA,0
"2212",NA,NA,NA,1
"2213",NA,NA,NA,0
"2214",NA,NA,0,NA
"2215",NA,0,NA,NA
"2216",0,NA,NA,NA
"2217",NA,NA,0,NA
"2218",NA,1,NA,NA
"2219",NA,NA,1,NA
"2220",1,NA,NA,NA
"2221",NA,1,NA,NA
"2222",NA,0,NA,NA
"2223",NA,NA,0,NA
"2224",0,NA,NA,NA
"2225",NA,NA,NA,0
"2226",1,NA,NA,NA
"2227",NA,NA,NA,0
"2228",NA,0,NA,NA
"2229",NA,0,NA,NA
"2230",NA,0,NA,NA
"2231",NA,NA,NA,1
"2232",0,NA,NA,NA
"2233",NA,NA,NA,0
"2234",NA,NA,NA,1
"2235",1,NA,NA,NA
"2236",NA,NA,0,NA
"2237",NA,0,NA,NA
"2238",NA,NA,NA,0
"2239",NA,NA,NA,0
"2240",NA,NA,0,NA
"2241",NA,NA,NA,1
"2242",NA,0,NA,NA
"2243",0,NA,NA,NA
"2244",NA,NA,0,NA
"2245",0,NA,NA,NA
"2246",NA,0,NA,NA
"2247",NA,NA,NA,0
"2248",NA,NA,1,NA
"2249",NA,NA,0,NA
"2250",NA,0,NA,NA
"2251",NA,0,NA,NA
"2252",NA,NA,NA,0
"2253",0,NA,NA,NA
"2254",NA,NA,NA,0
"2255",0,NA,NA,NA
"2256",NA,NA,NA,0
"2257",NA,NA,0,NA
"2258",NA,NA,NA,1
"2259",NA,0,NA,NA
"2260",NA,NA,0,NA
"2261",NA,0,NA,NA
"2262",0,NA,NA,NA
"2263",NA,0,NA,NA
"2264",NA,0,NA,NA
"2265",NA,NA,NA,0
"2266",NA,0,NA,NA
"2267",NA,NA,0,NA
"2268",NA,NA,0,NA
"2269",NA,0,NA,NA
"2270",NA,0,NA,NA
"2271",0,NA,NA,NA
"2272",NA,0,NA,NA
"2273",NA,NA,0,NA
"2274",NA,0,NA,NA
"2275",NA,NA,NA,1
"2276",NA,NA,0,NA
"2277",NA,NA,0,NA
"2278",NA,NA,NA,0
"2279",0,NA,NA,NA
"2280",0,NA,NA,NA
"2281",0,NA,NA,NA
"2282",NA,NA,NA,1
"2283",NA,0,NA,NA
"2284",NA,0,NA,NA
"2285",NA,NA,NA,0
"2286",NA,NA,1,NA
"2287",NA,0,NA,NA
"2288",0,NA,NA,NA
"2289",NA,NA,0,NA
"2290",0,NA,NA,NA
"2291",NA,0,NA,NA
"2292",0,NA,NA,NA
"2293",0,NA,NA,NA
"2294",NA,0,NA,NA
"2295",0,NA,NA,NA
"2296",0,NA,NA,NA
"2297",NA,NA,1,NA
"2298",0,NA,NA,NA
"2299",NA,NA,NA,1
"2300",0,NA,NA,NA
"2301",NA,0,NA,NA
"2302",1,NA,NA,NA
"2303",NA,NA,0,NA
"2304",0,NA,NA,NA
"2305",0,NA,NA,NA
"2306",NA,NA,NA,0
"2307",NA,NA,NA,0
"2308",NA,NA,0,NA
"2309",NA,NA,1,NA
"2310",NA,NA,NA,1
"2311",NA,NA,NA,0
"2312",NA,0,NA,NA
"2313",NA,NA,NA,0
"2314",NA,NA,NA,0
"2315",0,NA,NA,NA
"2316",1,NA,NA,NA
"2317",NA,NA,0,NA
"2318",0,NA,NA,NA
"2319",NA,NA,NA,0
"2320",1,NA,NA,NA
"2321",NA,0,NA,NA
"2322",NA,NA,NA,0
"2323",NA,0,NA,NA
"2324",NA,NA,1,NA
"2325",NA,0,NA,NA
"2326",0,NA,NA,NA
"2327",0,NA,NA,NA
"2328",NA,0,NA,NA
"2329",0,NA,NA,NA
"2330",NA,NA,NA,0
"2331",0,NA,NA,NA
"2332",0,NA,NA,NA
"2333",NA,NA,NA,0
"2334",0,NA,NA,NA
"2335",NA,0,NA,NA
"2336",NA,0,NA,NA
"2337",0,NA,NA,NA
"2338",NA,NA,NA,0
"2339",NA,0,NA,NA
"2340",0,NA,NA,NA
"2341",0,NA,NA,NA
"2342",NA,0,NA,NA
"2343",NA,0,NA,NA
"2344",NA,NA,0,NA
"2345",NA,NA,1,NA
"2346",0,NA,NA,NA
"2347",NA,0,NA,NA
"2348",NA,NA,1,NA
"2349",NA,NA,0,NA
"2350",0,NA,NA,NA
"2351",0,NA,NA,NA
"2352",NA,0,NA,NA
"2353",0,NA,NA,NA
"2354",1,NA,NA,NA
"2355",NA,0,NA,NA
"2356",NA,NA,0,NA
"2357",NA,NA,NA,1
"2358",0,NA,NA,NA
"2359",NA,NA,NA,0
"2360",0,NA,NA,NA
"2361",NA,NA,1,NA
"2362",0,NA,NA,NA
"2363",NA,NA,NA,0
"2364",NA,NA,0,NA
"2365",NA,0,NA,NA
"2366",0,NA,NA,NA
"2367",0,NA,NA,NA
"2368",NA,NA,0,NA
"2369",0,NA,NA,NA
"2370",1,NA,NA,NA
"2371",NA,0,NA,NA
"2372",0,NA,NA,NA
"2373",NA,NA,NA,0
"2374",1,NA,NA,NA
"2375",0,NA,NA,NA
"2376",NA,NA,1,NA
"2377",NA,0,NA,NA
"2378",1,NA,NA,NA
"2379",NA,NA,NA,0
"2380",NA,NA,NA,0
"2381",NA,NA,NA,1
"2382",NA,0,NA,NA
"2383",0,NA,NA,NA
"2384",NA,NA,NA,0
"2385",0,NA,NA,NA
"2386",NA,NA,NA,0
"2387",NA,NA,NA,0
"2388",NA,NA,0,NA
"2389",0,NA,NA,NA
"2390",0,NA,NA,NA
"2391",NA,NA,NA,0
"2392",NA,0,NA,NA
"2393",NA,NA,0,NA
"2394",NA,NA,NA,0
"2395",0,NA,NA,NA
"2396",NA,NA,0,NA
"2397",NA,NA,NA,0
"2398",1,NA,NA,NA
"2399",NA,1,NA,NA
"2400",NA,NA,NA,0
"2401",0,NA,NA,NA
"2402",NA,NA,NA,0
"2403",0,NA,NA,NA
"2404",0,NA,NA,NA
"2405",0,NA,NA,NA
"2406",NA,NA,0,NA
"2407",NA,0,NA,NA
"2408",NA,0,NA,NA
"2409",NA,NA,0,NA
"2410",NA,NA,NA,0
"2411",NA,NA,1,NA
"2412",NA,NA,NA,1
"2413",NA,NA,NA,0
"2414",NA,NA,NA,0
"2415",NA,NA,0,NA
"2416",NA,NA,0,NA
"2417",NA,0,NA,NA
"2418",NA,NA,0,NA
"2419",NA,1,NA,NA
"2420",NA,0,NA,NA
"2421",NA,0,NA,NA
"2422",0,NA,NA,NA
"2423",NA,NA,0,NA
"2424",0,NA,NA,NA
"2425",0,NA,NA,NA
"2426",NA,NA,NA,0
"2427",NA,NA,NA,0
"2428",0,NA,NA,NA
"2429",NA,0,NA,NA
"2430",NA,0,NA,NA
"2431",NA,0,NA,NA
"2432",1,NA,NA,NA
"2433",NA,NA,NA,0
"2434",NA,1,NA,NA
"2435",0,NA,NA,NA
"2436",NA,NA,NA,1
"2437",0,NA,NA,NA
"2438",NA,NA,0,NA
"2439",NA,0,NA,NA
"2440",0,NA,NA,NA
"2441",NA,NA,0,NA
"2442",0,NA,NA,NA
"2443",NA,NA,0,NA
"2444",0,NA,NA,NA
"2445",NA,1,NA,NA
"2446",NA,0,NA,NA
"2447",0,NA,NA,NA
"2448",NA,0,NA,NA
"2449",0,NA,NA,NA
"2450",NA,NA,1,NA
"2451",NA,NA,NA,0
"2452",NA,NA,NA,0
"2453",NA,NA,NA,0
"2454",NA,NA,1,NA
"2455",NA,NA,NA,0
"2456",NA,NA,NA,1
"2457",NA,NA,1,NA
"2458",0,NA,NA,NA
"2459",NA,NA,NA,1
"2460",1,NA,NA,NA
"2461",0,NA,NA,NA
"2462",1,NA,NA,NA
"2463",1,NA,NA,NA
"2464",NA,NA,0,NA
"2465",NA,NA,1,NA
"2466",NA,0,NA,NA
"2467",NA,NA,0,NA
"2468",NA,0,NA,NA
"2469",NA,NA,NA,1
"2470",NA,0,NA,NA
"2471",NA,NA,NA,0
"2472",0,NA,NA,NA
"2473",NA,NA,NA,0
"2474",NA,0,NA,NA
"2475",0,NA,NA,NA
"2476",NA,0,NA,NA
"2477",NA,0,NA,NA
"2478",NA,NA,1,NA
"2479",NA,NA,NA,0
"2480",NA,NA,NA,0
"2481",NA,NA,0,NA
"2482",NA,NA,NA,0
"2483",NA,1,NA,NA
"2484",0,NA,NA,NA
"2485",NA,NA,NA,0
"2486",NA,0,NA,NA
"2487",NA,NA,NA,0
"2488",NA,0,NA,NA
"2489",NA,NA,0,NA
"2490",NA,0,NA,NA
"2491",NA,NA,0,NA
"2492",0,NA,NA,NA
"2493",1,NA,NA,NA
"2494",NA,0,NA,NA
"2495",NA,NA,NA,0
"2496",0,NA,NA,NA
"2497",NA,0,NA,NA
"2498",NA,0,NA,NA
"2499",NA,1,NA,NA
"2500",NA,0,NA,NA
"2501",NA,0,NA,NA
"2502",NA,NA,NA,1
"2503",NA,NA,NA,0
"2504",NA,NA,NA,1
"2505",NA,NA,1,NA
"2506",NA,NA,0,NA
"2507",NA,NA,0,NA
"2508",NA,0,NA,NA
"2509",0,NA,NA,NA
"2510",0,NA,NA,NA
"2511",0,NA,NA,NA
"2512",NA,0,NA,NA
"2513",NA,NA,NA,0
"2514",0,NA,NA,NA
"2515",NA,0,NA,NA
"2516",0,NA,NA,NA
"2517",NA,NA,NA,0
"2518",NA,NA,0,NA
"2519",NA,NA,NA,0
"2520",NA,0,NA,NA
"2521",NA,NA,0,NA
"2522",1,NA,NA,NA
"2523",NA,NA,0,NA
"2524",0,NA,NA,NA
"2525",0,NA,NA,NA
"2526",NA,1,NA,NA
"2527",NA,NA,NA,0
"2528",NA,NA,0,NA
"2529",NA,NA,NA,0
"2530",NA,0,NA,NA
"2531",NA,0,NA,NA
"2532",0,NA,NA,NA
"2533",NA,NA,NA,0
"2534",NA,NA,0,NA
"2535",NA,0,NA,NA
"2536",NA,NA,NA,0
"2537",NA,0,NA,NA
"2538",NA,NA,0,NA
"2539",0,NA,NA,NA
"2540",NA,NA,NA,0
"2541",NA,0,NA,NA
"2542",NA,NA,NA,0
"2543",NA,1,NA,NA
"2544",1,NA,NA,NA
"2545",NA,0,NA,NA
"2546",NA,NA,0,NA
"2547",0,NA,NA,NA
"2548",NA,NA,NA,0
"2549",NA,NA,1,NA
"2550",NA,1,NA,NA
"2551",NA,NA,NA,0
"2552",0,NA,NA,NA
"2553",0,NA,NA,NA
"2554",NA,0,NA,NA
"2555",NA,NA,1,NA
"2556",NA,NA,NA,0
"2557",NA,NA,0,NA
"2558",NA,NA,1,NA
"2559",NA,NA,0,NA
"2560",NA,NA,NA,0
"2561",NA,0,NA,NA
"2562",NA,0,NA,NA
"2563",NA,NA,NA,0
"2564",NA,NA,0,NA
"2565",NA,NA,0,NA
"2566",NA,NA,NA,0
"2567",NA,0,NA,NA
"2568",NA,NA,NA,0
"2569",NA,NA,0,NA
"2570",NA,0,NA,NA
"2571",NA,0,NA,NA
"2572",1,NA,NA,NA
"2573",0,NA,NA,NA
"2574",NA,0,NA,NA
"2575",NA,NA,NA,1
"2576",0,NA,NA,NA
"2577",NA,NA,NA,0
"2578",0,NA,NA,NA
"2579",NA,NA,1,NA
"2580",NA,0,NA,NA
"2581",NA,NA,0,NA
"2582",NA,NA,1,NA
"2583",NA,NA,NA,0
"2584",NA,NA,0,NA
"2585",1,NA,NA,NA
"2586",NA,0,NA,NA
"2587",0,NA,NA,NA
"2588",NA,NA,0,NA
"2589",0,NA,NA,NA
"2590",0,NA,NA,NA
"2591",0,NA,NA,NA
"2592",0,NA,NA,NA
"2593",0,NA,NA,NA
"2594",1,NA,NA,NA
"2595",NA,0,NA,NA
"2596",NA,NA,0,NA
"2597",0,NA,NA,NA
"2598",NA,NA,0,NA
"2599",NA,NA,1,NA
"2600",NA,0,NA,NA
"2601",NA,NA,0,NA
"2602",NA,NA,NA,0
"2603",NA,NA,NA,1
"2604",NA,NA,0,NA
"2605",NA,1,NA,NA
"2606",0,NA,NA,NA
"2607",1,NA,NA,NA
"2608",NA,NA,1,NA
"2609",NA,NA,1,NA
"2610",1,NA,NA,NA
"2611",NA,0,NA,NA
"2612",0,NA,NA,NA
"2613",NA,0,NA,NA
"2614",NA,NA,0,NA
"2615",0,NA,NA,NA
"2616",0,NA,NA,NA
"2617",NA,NA,0,NA
"2618",NA,NA,NA,0
"2619",NA,NA,0,NA
"2620",0,NA,NA,NA
"2621",0,NA,NA,NA
"2622",NA,0,NA,NA
"2623",0,NA,NA,NA
"2624",NA,NA,NA,0
"2625",NA,NA,1,NA
"2626",NA,NA,0,NA
"2627",0,NA,NA,NA
"2628",NA,NA,0,NA
"2629",0,NA,NA,NA
"2630",NA,NA,NA,0
"2631",0,NA,NA,NA
"2632",NA,NA,NA,0
"2633",0,NA,NA,NA
"2634",0,NA,NA,NA
"2635",NA,0,NA,NA
"2636",0,NA,NA,NA
"2637",0,NA,NA,NA
"2638",NA,NA,NA,0
"2639",NA,NA,0,NA
"2640",NA,NA,0,NA
"2641",NA,0,NA,NA
"2642",NA,NA,NA,0
"2643",NA,NA,NA,0
"2644",0,NA,NA,NA
"2645",NA,NA,0,NA
"2646",NA,NA,NA,0
"2647",0,NA,NA,NA
"2648",NA,NA,1,NA
"2649",NA,NA,NA,1
"2650",0,NA,NA,NA
"2651",NA,NA,0,NA
"2652",0,NA,NA,NA
"2653",0,NA,NA,NA
"2654",NA,0,NA,NA
"2655",0,NA,NA,NA
"2656",0,NA,NA,NA
"2657",NA,0,NA,NA
"2658",NA,NA,1,NA
"2659",NA,NA,NA,0
"2660",NA,NA,NA,0
"2661",0,NA,NA,NA
"2662",NA,0,NA,NA
"2663",NA,NA,NA,0
"2664",NA,NA,NA,0
"2665",NA,NA,1,NA
"2666",NA,NA,0,NA
"2667",NA,0,NA,NA
"2668",NA,NA,0,NA
"2669",0,NA,NA,NA
"2670",0,NA,NA,NA
"2671",NA,NA,0,NA
"2672",NA,0,NA,NA
"2673",NA,0,NA,NA
"2674",NA,NA,NA,0
"2675",0,NA,NA,NA
"2676",NA,NA,NA,1
"2677",NA,NA,NA,1
"2678",NA,0,NA,NA
"2679",NA,NA,NA,0
"2680",NA,1,NA,NA
"2681",1,NA,NA,NA
"2682",NA,NA,NA,0
"2683",NA,NA,NA,1
"2684",NA,NA,1,NA
"2685",NA,NA,0,NA
"2686",NA,NA,0,NA
"2687",0,NA,NA,NA
"2688",NA,NA,1,NA
"2689",0,NA,NA,NA
"2690",NA,NA,0,NA
"2691",NA,NA,NA,1
"2692",NA,NA,NA,1
"2693",NA,NA,1,NA
"2694",NA,NA,NA,0
"2695",NA,NA,NA,1
"2696",NA,NA,NA,0
"2697",NA,NA,NA,1
"2698",NA,1,NA,NA
"2699",NA,NA,NA,1
"2700",0,NA,NA,NA
"2701",NA,NA,1,NA
"2702",NA,NA,1,NA
"2703",NA,NA,0,NA
"2704",NA,0,NA,NA
"2705",NA,NA,0,NA
"2706",1,NA,NA,NA
"2707",0,NA,NA,NA
"2708",NA,0,NA,NA
"2709",0,NA,NA,NA
"2710",NA,0,NA,NA
"2711",NA,NA,1,NA
"2712",NA,NA,NA,0
"2713",NA,NA,NA,0
"2714",NA,0,NA,NA
"2715",0,NA,NA,NA
"2716",NA,NA,0,NA
"2717",NA,NA,0,NA
"2718",NA,0,NA,NA
"2719",0,NA,NA,NA
"2720",NA,NA,NA,0
"2721",NA,0,NA,NA
"2722",0,NA,NA,NA
"2723",NA,NA,NA,1
"2724",0,NA,NA,NA
"2725",NA,1,NA,NA
"2726",0,NA,NA,NA
"2727",NA,NA,1,NA
"2728",NA,NA,NA,0
"2729",0,NA,NA,NA
"2730",NA,NA,0,NA
"2731",NA,NA,1,NA
"2732",NA,NA,NA,0
"2733",1,NA,NA,NA
"2734",NA,NA,NA,0
"2735",NA,NA,0,NA
"2736",NA,NA,NA,0
"2737",1,NA,NA,NA
"2738",NA,1,NA,NA
"2739",NA,1,NA,NA
"2740",NA,0,NA,NA
"2741",NA,NA,NA,0
"2742",0,NA,NA,NA
"2743",1,NA,NA,NA
"2744",NA,NA,0,NA
"2745",NA,1,NA,NA
"2746",NA,0,NA,NA
"2747",NA,NA,NA,0
"2748",0,NA,NA,NA
"2749",NA,NA,0,NA
"2750",0,NA,NA,NA
"2751",NA,0,NA,NA
"2752",0,NA,NA,NA
"2753",1,NA,NA,NA
"2754",NA,NA,NA,0
"2755",NA,0,NA,NA
"2756",NA,NA,NA,1
"2757",NA,NA,NA,0
"2758",0,NA,NA,NA
"2759",NA,1,NA,NA
"2760",NA,NA,NA,0
"2761",NA,NA,NA,0
"2762",NA,NA,0,NA
"2763",NA,NA,NA,0
"2764",0,NA,NA,NA
"2765",NA,NA,NA,0
"2766",NA,NA,NA,0
"2767",NA,NA,1,NA
"2768",0,NA,NA,NA
"2769",NA,1,NA,NA
"2770",0,NA,NA,NA
"2771",NA,NA,1,NA
"2772",NA,NA,0,NA
"2773",NA,NA,1,NA
"2774",NA,NA,NA,0
"2775",0,NA,NA,NA
"2776",NA,0,NA,NA
"2777",NA,NA,0,NA
"2778",NA,0,NA,NA
"2779",NA,0,NA,NA
"2780",NA,NA,0,NA
"2781",NA,NA,NA,1
"2782",NA,0,NA,NA
"2783",0,NA,NA,NA
"2784",0,NA,NA,NA
"2785",0,NA,NA,NA
"2786",NA,0,NA,NA
"2787",NA,1,NA,NA
"2788",NA,NA,NA,1
"2789",NA,0,NA,NA
"2790",0,NA,NA,NA
"2791",NA,NA,NA,0
"2792",NA,0,NA,NA
"2793",NA,NA,NA,0
"2794",NA,NA,NA,1
"2795",0,NA,NA,NA
"2796",NA,NA,NA,0
"2797",NA,NA,NA,1
"2798",NA,NA,NA,1
"2799",NA,NA,1,NA
"2800",NA,NA,0,NA
"2801",NA,1,NA,NA
"2802",NA,NA,0,NA
"2803",NA,1,NA,NA
"2804",0,NA,NA,NA
"2805",NA,NA,0,NA
"2806",1,NA,NA,NA
"2807",NA,0,NA,NA
"2808",0,NA,NA,NA
"2809",NA,NA,NA,1
"2810",NA,NA,NA,0
"2811",NA,NA,NA,0
"2812",0,NA,NA,NA
"2813",NA,NA,0,NA
"2814",NA,0,NA,NA
"2815",0,NA,NA,NA
"2816",NA,NA,NA,0
"2817",NA,0,NA,NA
"2818",NA,NA,0,NA
"2819",NA,NA,1,NA
"2820",0,NA,NA,NA
"2821",NA,NA,NA,1
"2822",NA,1,NA,NA
"2823",NA,NA,NA,1
"2824",NA,0,NA,NA
"2825",0,NA,NA,NA
"2826",NA,1,NA,NA
"2827",NA,NA,0,NA
"2828",NA,NA,1,NA
"2829",NA,NA,NA,1
"2830",1,NA,NA,NA
"2831",NA,NA,NA,1
"2832",NA,NA,0,NA
"2833",0,NA,NA,NA
"2834",0,NA,NA,NA
"2835",NA,0,NA,NA
"2836",0,NA,NA,NA
"2837",NA,0,NA,NA
"2838",0,NA,NA,NA
"2839",NA,NA,1,NA
"2840",0,NA,NA,NA
"2841",NA,NA,NA,0
"2842",NA,NA,0,NA
"2843",NA,0,NA,NA
"2844",NA,0,NA,NA
"2845",0,NA,NA,NA
"2846",0,NA,NA,NA
"2847",0,NA,NA,NA
"2848",NA,NA,NA,0
"2849",0,NA,NA,NA
"2850",NA,NA,NA,0
"2851",NA,NA,0,NA
"2852",0,NA,NA,NA
"2853",NA,NA,NA,0
"2854",NA,1,NA,NA
"2855",NA,NA,NA,0
"2856",NA,NA,0,NA
"2857",NA,NA,NA,0
"2858",NA,NA,NA,0
"2859",0,NA,NA,NA
"2860",NA,NA,NA,0
"2861",NA,NA,NA,0
"2862",NA,NA,NA,1
"2863",NA,NA,NA,0
"2864",NA,NA,0,NA
"2865",NA,NA,1,NA
"2866",NA,1,NA,NA
"2867",NA,NA,NA,1
"2868",0,NA,NA,NA
"2869",NA,NA,NA,0
"2870",NA,0,NA,NA
"2871",NA,NA,0,NA
"2872",NA,NA,0,NA
"2873",NA,NA,NA,0
"2874",NA,0,NA,NA
"2875",NA,NA,0,NA
"2876",NA,NA,NA,0
"2877",0,NA,NA,NA
"2878",NA,NA,NA,0
"2879",NA,0,NA,NA
"2880",NA,NA,NA,0
"2881",0,NA,NA,NA
"2882",NA,NA,1,NA
"2883",0,NA,NA,NA
"2884",NA,NA,NA,0
"2885",0,NA,NA,NA
"2886",NA,NA,NA,0
"2887",NA,NA,NA,1
"2888",NA,0,NA,NA
"2889",NA,NA,0,NA
"2890",NA,NA,NA,1
"2891",NA,1,NA,NA
"2892",NA,NA,NA,0
"2893",NA,NA,1,NA
"2894",NA,NA,0,NA
"2895",NA,NA,0,NA
"2896",NA,NA,NA,0
"2897",NA,NA,NA,0
"2898",NA,0,NA,NA
"2899",NA,NA,NA,0
"2900",1,NA,NA,NA
"2901",1,NA,NA,NA
"2902",NA,NA,NA,1
"2903",0,NA,NA,NA
"2904",1,NA,NA,NA
"2905",NA,NA,0,NA
"2906",NA,0,NA,NA
"2907",NA,1,NA,NA
"2908",NA,NA,0,NA
"2909",NA,NA,1,NA
"2910",NA,0,NA,NA
"2911",0,NA,NA,NA
"2912",NA,NA,NA,0
"2913",NA,NA,NA,0
"2914",0,NA,NA,NA
"2915",0,NA,NA,NA
"2916",0,NA,NA,NA
"2917",NA,0,NA,NA
"2918",NA,NA,NA,0
"2919",NA,NA,0,NA
"2920",NA,0,NA,NA
"2921",1,NA,NA,NA
"2922",NA,0,NA,NA
"2923",NA,NA,1,NA
"2924",NA,NA,1,NA
"2925",0,NA,NA,NA
"2926",NA,NA,NA,1
"2927",NA,NA,0,NA
"2928",0,NA,NA,NA
"2929",NA,0,NA,NA
"2930",0,NA,NA,NA
"2931",NA,NA,NA,0
"2932",NA,1,NA,NA
"2933",1,NA,NA,NA
"2934",NA,NA,NA,0
"2935",NA,0,NA,NA
"2936",NA,0,NA,NA
"2937",NA,NA,0,NA
"2938",NA,1,NA,NA
"2939",0,NA,NA,NA
"2940",0,NA,NA,NA
"2941",0,NA,NA,NA
"2942",NA,NA,NA,0
"2943",0,NA,NA,NA
"2944",NA,1,NA,NA
"2945",0,NA,NA,NA
"2946",NA,1,NA,NA
"2947",NA,NA,0,NA
"2948",NA,NA,1,NA
"2949",NA,NA,1,NA
"2950",NA,0,NA,NA
"2951",0,NA,NA,NA
"2952",0,NA,NA,NA
"2953",NA,0,NA,NA
"2954",NA,0,NA,NA
"2955",NA,0,NA,NA
"2956",NA,NA,NA,1
"2957",NA,0,NA,NA
"2958",NA,NA,NA,0
"2959",NA,NA,0,NA
"2960",NA,0,NA,NA
"2961",NA,NA,0,NA
"2962",NA,0,NA,NA
"2963",NA,NA,NA,0
"2964",NA,NA,0,NA
"2965",NA,0,NA,NA
"2966",NA,0,NA,NA
"2967",1,NA,NA,NA
"2968",NA,NA,0,NA
"2969",1,NA,NA,NA
"2970",NA,0,NA,NA
"2971",NA,NA,NA,1
"2972",0,NA,NA,NA
"2973",NA,NA,NA,0
"2974",0,NA,NA,NA
"2975",NA,1,NA,NA
"2976",NA,NA,0,NA
"2977",NA,0,NA,NA
"2978",NA,0,NA,NA
"2979",NA,NA,1,NA
"2980",0,NA,NA,NA
"2981",NA,NA,1,NA
"2982",NA,NA,NA,0
"2983",NA,1,NA,NA
"2984",NA,0,NA,NA
"2985",NA,NA,0,NA
"2986",NA,0,NA,NA
"2987",0,NA,NA,NA
"2988",NA,0,NA,NA
"2989",NA,NA,0,NA
"2990",0,NA,NA,NA
"2991",0,NA,NA,NA
"2992",0,NA,NA,NA
"2993",NA,0,NA,NA
"2994",NA,NA,0,NA
"2995",NA,NA,0,NA
"2996",NA,0,NA,NA
"2997",0,NA,NA,NA
"2998",1,NA,NA,NA
"2999",NA,NA,0,NA
"3000",NA,0,NA,NA
"3001",NA,0,NA,NA
"3002",NA,NA,NA,0
"3003",NA,NA,NA,0
"3004",NA,0,NA,NA
"3005",NA,0,NA,NA
"3006",NA,0,NA,NA
"3007",0,NA,NA,NA
"3008",NA,0,NA,NA
"3009",NA,NA,0,NA
"3010",0,NA,NA,NA
"3011",NA,1,NA,NA
"3012",NA,0,NA,NA
"3013",NA,1,NA,NA
"3014",0,NA,NA,NA
"3015",0,NA,NA,NA
"3016",NA,NA,0,NA
"3017",NA,NA,0,NA
"3018",0,NA,NA,NA
"3019",0,NA,NA,NA
"3020",NA,0,NA,NA
"3021",NA,NA,NA,0
"3022",NA,0,NA,NA
"3023",NA,NA,0,NA
"3024",NA,NA,NA,0
"3025",NA,NA,NA,1
"3026",NA,NA,1,NA
"3027",NA,NA,NA,1
"3028",NA,0,NA,NA
"3029",NA,NA,NA,1
"3030",NA,NA,NA,0
"3031",NA,1,NA,NA
"3032",NA,NA,0,NA
"3033",NA,1,NA,NA
"3034",NA,0,NA,NA
"3035",NA,1,NA,NA
"3036",NA,NA,0,NA
"3037",NA,NA,0,NA
"3038",NA,NA,NA,0
"3039",0,NA,NA,NA
"3040",1,NA,NA,NA
"3041",1,NA,NA,NA
"3042",NA,NA,0,NA
"3043",NA,NA,0,NA
"3044",NA,NA,NA,1
"3045",0,NA,NA,NA
"3046",1,NA,NA,NA
"3047",0,NA,NA,NA
"3048",0,NA,NA,NA
"3049",NA,NA,NA,0
"3050",NA,NA,0,NA
"3051",NA,0,NA,NA
"3052",0,NA,NA,NA
"3053",NA,0,NA,NA
"3054",NA,NA,NA,0
"3055",NA,0,NA,NA
"3056",NA,NA,NA,0
"3057",NA,NA,0,NA
"3058",NA,NA,NA,0
"3059",NA,NA,0,NA
"3060",NA,NA,NA,0
"3061",NA,NA,1,NA
"3062",NA,NA,0,NA
"3063",1,NA,NA,NA
"3064",NA,NA,NA,0
"3065",NA,0,NA,NA
"3066",NA,0,NA,NA
"3067",NA,NA,NA,1
"3068",NA,0,NA,NA
"3069",NA,NA,0,NA
"3070",NA,NA,NA,1
"3071",NA,NA,1,NA
"3072",NA,0,NA,NA
"3073",NA,NA,0,NA
"3074",NA,1,NA,NA
"3075",NA,0,NA,NA
"3076",NA,NA,NA,0
"3077",NA,NA,NA,1
"3078",NA,NA,0,NA
"3079",NA,NA,NA,0
"3080",NA,NA,1,NA
"3081",NA,NA,NA,0
"3082",0,NA,NA,NA
"3083",0,NA,NA,NA
"3084",1,NA,NA,NA
"3085",0,NA,NA,NA
"3086",NA,0,NA,NA
"3087",NA,0,NA,NA
"3088",NA,NA,NA,0
"3089",NA,NA,0,NA
"3090",NA,NA,NA,0
"3091",0,NA,NA,NA
"3092",NA,0,NA,NA
"3093",NA,NA,0,NA
"3094",NA,0,NA,NA
"3095",NA,0,NA,NA
"3096",NA,0,NA,NA
"3097",NA,NA,NA,0
"3098",NA,NA,NA,1
"3099",NA,NA,NA,0
"3100",NA,NA,0,NA
"3101",NA,0,NA,NA
"3102",NA,NA,0,NA
"3103",NA,1,NA,NA
"3104",0,NA,NA,NA
"3105",NA,0,NA,NA
"3106",NA,NA,NA,0
"3107",NA,NA,0,NA
"3108",1,NA,NA,NA
"3109",NA,NA,NA,0
"3110",1,NA,NA,NA
"3111",NA,0,NA,NA
"3112",NA,NA,NA,0
"3113",NA,NA,1,NA
"3114",1,NA,NA,NA
"3115",NA,NA,NA,0
"3116",NA,NA,0,NA
"3117",0,NA,NA,NA
"3118",NA,0,NA,NA
"3119",NA,NA,0,NA
"3120",0,NA,NA,NA
"3121",NA,NA,0,NA
"3122",NA,NA,1,NA
"3123",NA,NA,1,NA
"3124",NA,NA,0,NA
"3125",1,NA,NA,NA
"3126",NA,NA,NA,0
"3127",NA,0,NA,NA
"3128",NA,NA,1,NA
"3129",NA,NA,1,NA
"3130",NA,0,NA,NA
"3131",NA,NA,0,NA
"3132",NA,NA,NA,1
"3133",1,NA,NA,NA
"3134",NA,NA,0,NA
"3135",NA,NA,NA,1
"3136",NA,NA,0,NA
"3137",0,NA,NA,NA
"3138",NA,NA,NA,1
"3139",NA,NA,NA,0
"3140",0,NA,NA,NA
"3141",NA,NA,NA,0
"3142",0,NA,NA,NA
"3143",NA,0,NA,NA
"3144",0,NA,NA,NA
"3145",NA,NA,NA,0
"3146",0,NA,NA,NA
"3147",0,NA,NA,NA
"3148",NA,1,NA,NA
"3149",NA,0,NA,NA
"3150",0,NA,NA,NA
"3151",0,NA,NA,NA
"3152",0,NA,NA,NA
"3153",NA,NA,0,NA
"3154",NA,NA,0,NA
"3155",0,NA,NA,NA
"3156",NA,NA,NA,0
"3157",NA,0,NA,NA
"3158",NA,0,NA,NA
"3159",0,NA,NA,NA
"3160",NA,NA,0,NA
"3161",NA,NA,1,NA
"3162",NA,1,NA,NA
"3163",NA,NA,NA,0
"3164",NA,NA,0,NA
"3165",NA,NA,0,NA
"3166",NA,NA,NA,1
"3167",0,NA,NA,NA
"3168",NA,NA,0,NA
"3169",NA,NA,NA,0
"3170",NA,1,NA,NA
"3171",NA,NA,0,NA
"3172",NA,NA,0,NA
"3173",NA,NA,NA,0
"3174",NA,NA,NA,0
"3175",NA,NA,NA,1
"3176",NA,NA,NA,0
"3177",NA,NA,0,NA
"3178",NA,0,NA,NA
"3179",NA,NA,0,NA
"3180",NA,NA,NA,0
"3181",NA,NA,0,NA
"3182",NA,1,NA,NA
"3183",NA,0,NA,NA
"3184",1,NA,NA,NA
"3185",NA,0,NA,NA
"3186",NA,0,NA,NA
"3187",NA,NA,0,NA
"3188",NA,NA,NA,0
"3189",NA,NA,1,NA
"3190",0,NA,NA,NA
"3191",NA,NA,NA,0
"3192",NA,NA,0,NA
"3193",NA,NA,0,NA
"3194",NA,NA,0,NA
"3195",NA,NA,1,NA
"3196",NA,NA,NA,0
"3197",1,NA,NA,NA
"3198",NA,NA,0,NA
"3199",NA,NA,0,NA
"3200",0,NA,NA,NA
"3201",NA,NA,0,NA
"3202",NA,NA,0,NA
"3203",NA,0,NA,NA
"3204",NA,NA,NA,0
"3205",0,NA,NA,NA
"3206",NA,0,NA,NA
"3207",NA,NA,1,NA
"3208",NA,NA,0,NA
"3209",NA,NA,NA,0
"3210",NA,NA,NA,0
"3211",NA,0,NA,NA
"3212",NA,NA,NA,0
"3213",NA,NA,NA,0
"3214",NA,1,NA,NA
"3215",NA,NA,0,NA
"3216",NA,NA,NA,0
"3217",NA,0,NA,NA
"3218",1,NA,NA,NA
"3219",0,NA,NA,NA
"3220",NA,NA,NA,0
"3221",0,NA,NA,NA
"3222",NA,0,NA,NA
"3223",0,NA,NA,NA
"3224",0,NA,NA,NA
"3225",0,NA,NA,NA
"3226",0,NA,NA,NA
"3227",NA,NA,1,NA
"3228",NA,NA,1,NA
"3229",NA,0,NA,NA
"3230",NA,0,NA,NA
"3231",0,NA,NA,NA
"3232",NA,0,NA,NA
"3233",0,NA,NA,NA
"3234",NA,NA,0,NA
"3235",NA,0,NA,NA
"3236",0,NA,NA,NA
"3237",NA,1,NA,NA
"3238",NA,NA,0,NA
"3239",NA,1,NA,NA
"3240",NA,0,NA,NA
"3241",1,NA,NA,NA
"3242",0,NA,NA,NA
"3243",NA,NA,1,NA
"3244",NA,NA,NA,0
"3245",NA,0,NA,NA
"3246",NA,1,NA,NA
"3247",NA,NA,0,NA
"3248",NA,NA,0,NA
"3249",NA,0,NA,NA
"3250",NA,NA,NA,0
"3251",NA,0,NA,NA
"3252",NA,NA,0,NA
"3253",NA,NA,NA,0
"3254",NA,NA,NA,0
"3255",NA,0,NA,NA
"3256",0,NA,NA,NA
"3257",NA,0,NA,NA
"3258",0,NA,NA,NA
"3259",NA,NA,NA,0
"3260",NA,NA,NA,1
"3261",0,NA,NA,NA
"3262",NA,0,NA,NA
"3263",NA,NA,NA,1
"3264",NA,NA,1,NA
"3265",NA,0,NA,NA
"3266",NA,NA,NA,0
"3267",NA,0,NA,NA
"3268",0,NA,NA,NA
"3269",NA,0,NA,NA
"3270",0,NA,NA,NA
"3271",NA,0,NA,NA
"3272",NA,NA,NA,0
"3273",NA,NA,0,NA
"3274",0,NA,NA,NA
"3275",NA,0,NA,NA
"3276",NA,1,NA,NA
"3277",NA,NA,NA,0
"3278",NA,NA,NA,0
"3279",NA,NA,1,NA
"3280",NA,0,NA,NA
"3281",1,NA,NA,NA
"3282",0,NA,NA,NA
"3283",0,NA,NA,NA
"3284",NA,NA,NA,0
"3285",NA,NA,0,NA
"3286",NA,NA,0,NA
"3287",NA,NA,0,NA
"3288",NA,0,NA,NA
"3289",NA,NA,NA,0
"3290",NA,0,NA,NA
"3291",NA,NA,0,NA
"3292",NA,NA,0,NA
"3293",NA,NA,0,NA
"3294",NA,NA,0,NA
"3295",0,NA,NA,NA
"3296",0,NA,NA,NA
"3297",NA,NA,1,NA
"3298",NA,NA,0,NA
"3299",1,NA,NA,NA
"3300",0,NA,NA,NA
"3301",0,NA,NA,NA
"3302",NA,0,NA,NA
"3303",NA,0,NA,NA
"3304",0,NA,NA,NA
"3305",NA,0,NA,NA
"3306",NA,NA,NA,0
"3307",0,NA,NA,NA
"3308",NA,NA,1,NA
"3309",NA,NA,NA,1
"3310",0,NA,NA,NA
"3311",NA,NA,0,NA
"3312",NA,NA,0,NA
"3313",NA,0,NA,NA
"3314",NA,0,NA,NA
"3315",0,NA,NA,NA
"3316",1,NA,NA,NA
"3317",NA,NA,NA,0
"3318",NA,NA,NA,0
"3319",NA,0,NA,NA
"3320",NA,NA,NA,1
"3321",NA,NA,NA,1
"3322",NA,NA,0,NA
"3323",NA,NA,0,NA
"3324",NA,0,NA,NA
"3325",NA,NA,NA,0
"3326",NA,NA,0,NA
"3327",NA,NA,NA,0
"3328",NA,NA,NA,0
"3329",0,NA,NA,NA
"3330",NA,NA,0,NA
"3331",0,NA,NA,NA
"3332",NA,NA,NA,1
"3333",NA,NA,1,NA
"3334",NA,NA,NA,0
"3335",NA,0,NA,NA
"3336",NA,0,NA,NA
"3337",NA,0,NA,NA
"3338",NA,NA,NA,0
"3339",NA,0,NA,NA
"3340",0,NA,NA,NA
"3341",NA,0,NA,NA
"3342",NA,0,NA,NA
"3343",NA,NA,1,NA
"3344",NA,NA,NA,0
"3345",0,NA,NA,NA
"3346",NA,NA,1,NA
"3347",NA,0,NA,NA
"3348",NA,NA,0,NA
"3349",1,NA,NA,NA
"3350",NA,0,NA,NA
"3351",NA,0,NA,NA
"3352",NA,NA,0,NA
"3353",NA,NA,0,NA
"3354",NA,NA,NA,0
"3355",NA,NA,NA,1
"3356",NA,1,NA,NA
"3357",0,NA,NA,NA
"3358",NA,NA,0,NA
"3359",NA,0,NA,NA
"3360",NA,NA,NA,0
"3361",NA,NA,NA,1
"3362",0,NA,NA,NA
"3363",0,NA,NA,NA
"3364",NA,0,NA,NA
"3365",NA,NA,NA,0
"3366",NA,NA,NA,0
"3367",0,NA,NA,NA
"3368",NA,NA,NA,0
"3369",0,NA,NA,NA
"3370",NA,NA,0,NA
"3371",0,NA,NA,NA
"3372",NA,NA,0,NA
"3373",NA,NA,1,NA
"3374",0,NA,NA,NA
"3375",NA,NA,NA,0
"3376",0,NA,NA,NA
"3377",NA,NA,0,NA
"3378",NA,NA,NA,0
"3379",NA,NA,0,NA
"3380",0,NA,NA,NA
"3381",0,NA,NA,NA
"3382",NA,0,NA,NA
"3383",NA,0,NA,NA
"3384",NA,0,NA,NA
"3385",NA,0,NA,NA
"3386",NA,NA,0,NA
"3387",0,NA,NA,NA
"3388",NA,NA,NA,1
"3389",NA,NA,0,NA
"3390",0,NA,NA,NA
"3391",NA,0,NA,NA
"3392",NA,NA,0,NA
"3393",NA,1,NA,NA
"3394",NA,NA,NA,0
"3395",NA,NA,1,NA
"3396",0,NA,NA,NA
"3397",NA,NA,NA,0
"3398",NA,1,NA,NA
"3399",NA,NA,0,NA
"3400",NA,NA,0,NA
"3401",NA,NA,NA,0
"3402",1,NA,NA,NA
"3403",NA,NA,NA,0
"3404",NA,NA,1,NA
"3405",NA,NA,0,NA
"3406",NA,NA,NA,0
"3407",1,NA,NA,NA
"3408",0,NA,NA,NA
"3409",NA,0,NA,NA
"3410",0,NA,NA,NA
"3411",NA,NA,NA,0
"3412",NA,0,NA,NA
"3413",1,NA,NA,NA
"3414",NA,NA,1,NA
"3415",NA,NA,0,NA
"3416",NA,NA,NA,0
"3417",0,NA,NA,NA
"3418",NA,NA,NA,0
"3419",NA,NA,NA,1
"3420",NA,0,NA,NA
"3421",NA,NA,NA,0
"3422",NA,0,NA,NA
"3423",NA,NA,1,NA
"3424",NA,NA,0,NA
"3425",NA,NA,NA,0
"3426",0,NA,NA,NA
"3427",NA,0,NA,NA
"3428",NA,1,NA,NA
"3429",NA,0,NA,NA
"3430",NA,NA,0,NA
"3431",NA,0,NA,NA
"3432",NA,NA,0,NA
"3433",NA,0,NA,NA
"3434",NA,NA,NA,1
"3435",NA,NA,NA,1
"3436",NA,NA,0,NA
"3437",0,NA,NA,NA
"3438",NA,0,NA,NA
"3439",NA,NA,0,NA
"3440",NA,0,NA,NA
"3441",NA,0,NA,NA
"3442",NA,NA,NA,1
"3443",NA,1,NA,NA
"3444",NA,0,NA,NA
"3445",NA,NA,0,NA
"3446",0,NA,NA,NA
"3447",0,NA,NA,NA
"3448",NA,NA,0,NA
"3449",NA,NA,0,NA
"3450",0,NA,NA,NA
"3451",NA,0,NA,NA
"3452",NA,NA,NA,1
"3453",NA,NA,0,NA
"3454",NA,NA,NA,1
"3455",0,NA,NA,NA
"3456",NA,0,NA,NA
"3457",NA,NA,0,NA
"3458",NA,NA,1,NA
"3459",NA,1,NA,NA
"3460",NA,NA,0,NA
"3461",NA,NA,0,NA
"3462",NA,NA,0,NA
"3463",NA,NA,1,NA
"3464",NA,NA,NA,0
"3465",NA,NA,NA,0
"3466",0,NA,NA,NA
"3467",NA,1,NA,NA
"3468",NA,0,NA,NA
"3469",NA,NA,0,NA
"3470",NA,0,NA,NA
"3471",NA,NA,NA,1
"3472",NA,NA,NA,0
"3473",NA,NA,NA,0
"3474",NA,NA,NA,0
"3475",NA,NA,NA,0
"3476",NA,0,NA,NA
"3477",0,NA,NA,NA
"3478",NA,0,NA,NA
"3479",NA,NA,NA,0
"3480",NA,0,NA,NA
"3481",NA,0,NA,NA
"3482",NA,NA,1,NA
"3483",NA,NA,NA,1
"3484",NA,NA,0,NA
"3485",0,NA,NA,NA
"3486",NA,0,NA,NA
"3487",NA,1,NA,NA
"3488",0,NA,NA,NA
"3489",NA,NA,0,NA
"3490",NA,0,NA,NA
"3491",NA,0,NA,NA
"3492",NA,0,NA,NA
"3493",NA,NA,NA,0
"3494",0,NA,NA,NA
"3495",0,NA,NA,NA
"3496",0,NA,NA,NA
"3497",NA,NA,NA,0
"3498",NA,0,NA,NA
"3499",NA,NA,1,NA
"3500",0,NA,NA,NA
"3501",NA,NA,0,NA
"3502",NA,NA,NA,0
"3503",NA,NA,0,NA
"3504",NA,0,NA,NA
"3505",NA,NA,1,NA
"3506",0,NA,NA,NA
"3507",NA,0,NA,NA
"3508",NA,NA,NA,0
"3509",NA,NA,NA,0
"3510",NA,0,NA,NA
"3511",0,NA,NA,NA
"3512",NA,NA,0,NA
"3513",NA,0,NA,NA
"3514",NA,0,NA,NA
"3515",0,NA,NA,NA
"3516",NA,NA,NA,0
"3517",NA,NA,NA,0
"3518",NA,NA,0,NA
"3519",0,NA,NA,NA
"3520",NA,NA,0,NA
"3521",NA,NA,1,NA
"3522",0,NA,NA,NA
"3523",NA,NA,NA,0
"3524",NA,NA,NA,0
"3525",0,NA,NA,NA
"3526",1,NA,NA,NA
"3527",NA,NA,NA,0
"3528",NA,NA,NA,0
"3529",NA,NA,0,NA
"3530",NA,NA,0,NA
"3531",0,NA,NA,NA
"3532",NA,0,NA,NA
"3533",NA,0,NA,NA
"3534",NA,NA,NA,1
"3535",NA,NA,NA,0
"3536",1,NA,NA,NA
"3537",NA,NA,0,NA
"3538",NA,0,NA,NA
"3539",NA,NA,1,NA
"3540",NA,NA,1,NA
"3541",NA,NA,0,NA
"3542",NA,NA,0,NA
"3543",0,NA,NA,NA
"3544",NA,NA,NA,1
"3545",0,NA,NA,NA
"3546",NA,NA,NA,0
"3547",NA,NA,0,NA
"3548",NA,NA,0,NA
"3549",1,NA,NA,NA
"3550",NA,NA,0,NA
"3551",0,NA,NA,NA
"3552",NA,NA,0,NA
"3553",NA,0,NA,NA
"3554",NA,0,NA,NA
"3555",NA,NA,0,NA
"3556",NA,NA,0,NA
"3557",NA,NA,1,NA
"3558",NA,NA,NA,0
"3559",NA,NA,NA,0
"3560",NA,NA,0,NA
"3561",NA,NA,NA,0
"3562",1,NA,NA,NA
"3563",NA,NA,NA,0
"3564",NA,NA,NA,0
"3565",NA,0,NA,NA
"3566",NA,0,NA,NA
"3567",NA,NA,0,NA
"3568",NA,NA,1,NA
"3569",NA,NA,0,NA
"3570",NA,1,NA,NA
"3571",NA,NA,1,NA
"3572",NA,NA,NA,1
"3573",NA,0,NA,NA
"3574",0,NA,NA,NA
"3575",NA,0,NA,NA
"3576",0,NA,NA,NA
"3577",NA,NA,0,NA
"3578",NA,0,NA,NA
"3579",NA,NA,NA,0
"3580",NA,NA,NA,1
"3581",1,NA,NA,NA
"3582",NA,NA,NA,0
"3583",NA,NA,0,NA
"3584",NA,0,NA,NA
"3585",NA,NA,1,NA
"3586",NA,NA,1,NA
"3587",0,NA,NA,NA
"3588",NA,NA,NA,0
"3589",NA,NA,0,NA
"3590",NA,NA,0,NA
"3591",NA,0,NA,NA
"3592",NA,NA,NA,0
"3593",NA,NA,0,NA
"3594",NA,1,NA,NA
"3595",NA,NA,0,NA
"3596",NA,NA,NA,0
"3597",NA,1,NA,NA
"3598",NA,NA,0,NA
"3599",0,NA,NA,NA
"3600",NA,NA,1,NA
"3601",NA,NA,0,NA
"3602",NA,NA,NA,0
"3603",0,NA,NA,NA
"3604",NA,NA,0,NA
"3605",NA,NA,NA,0
"3606",0,NA,NA,NA
"3607",0,NA,NA,NA
"3608",NA,NA,0,NA
"3609",NA,1,NA,NA
"3610",NA,NA,NA,0
"3611",NA,NA,1,NA
"3612",NA,NA,1,NA
"3613",NA,NA,0,NA
"3614",NA,NA,1,NA
"3615",NA,NA,0,NA
"3616",1,NA,NA,NA
"3617",0,NA,NA,NA
"3618",NA,NA,NA,0
"3619",0,NA,NA,NA
"3620",0,NA,NA,NA
"3621",NA,NA,1,NA
"3622",NA,0,NA,NA
"3623",NA,NA,1,NA
"3624",0,NA,NA,NA
"3625",NA,NA,NA,1
"3626",NA,0,NA,NA
"3627",NA,NA,NA,0
"3628",0,NA,NA,NA
"3629",NA,NA,NA,1
"3630",NA,0,NA,NA
"3631",NA,NA,NA,0
"3632",NA,NA,0,NA
"3633",NA,0,NA,NA
"3634",NA,NA,NA,1
"3635",NA,NA,NA,1
"3636",NA,NA,0,NA
"3637",NA,NA,NA,0
"3638",NA,0,NA,NA
"3639",NA,NA,NA,0
"3640",NA,0,NA,NA
"3641",0,NA,NA,NA
"3642",NA,NA,NA,1
"3643",NA,NA,1,NA
"3644",0,NA,NA,NA
"3645",NA,0,NA,NA
"3646",0,NA,NA,NA
"3647",NA,NA,NA,1
"3648",1,NA,NA,NA
"3649",1,NA,NA,NA
"3650",NA,NA,NA,0
"3651",0,NA,NA,NA
"3652",NA,NA,0,NA
"3653",0,NA,NA,NA
"3654",0,NA,NA,NA
"3655",NA,NA,0,NA
"3656",NA,0,NA,NA
"3657",NA,NA,0,NA
"3658",NA,0,NA,NA
"3659",NA,0,NA,NA
"3660",0,NA,NA,NA
"3661",NA,0,NA,NA
"3662",NA,NA,NA,0
"3663",NA,NA,1,NA
"3664",NA,NA,0,NA
"3665",0,NA,NA,NA
"3666",NA,0,NA,NA
"3667",NA,NA,0,NA
"3668",NA,0,NA,NA
"3669",0,NA,NA,NA
"3670",NA,NA,0,NA
"3671",NA,NA,NA,0
"3672",NA,0,NA,NA
"3673",NA,1,NA,NA
"3674",NA,1,NA,NA
"3675",NA,NA,NA,0
"3676",NA,0,NA,NA
"3677",1,NA,NA,NA
"3678",NA,NA,0,NA
"3679",NA,NA,NA,1
"3680",0,NA,NA,NA
"3681",0,NA,NA,NA
"3682",NA,0,NA,NA
"3683",0,NA,NA,NA
"3684",0,NA,NA,NA
"3685",NA,NA,NA,0
"3686",0,NA,NA,NA
"3687",NA,0,NA,NA
"3688",0,NA,NA,NA
"3689",NA,NA,NA,0
"3690",1,NA,NA,NA
"3691",NA,NA,NA,0
"3692",NA,NA,NA,0
"3693",NA,NA,0,NA
"3694",NA,NA,1,NA
"3695",NA,NA,0,NA
"3696",1,NA,NA,NA
"3697",0,NA,NA,NA
"3698",NA,NA,0,NA
"3699",NA,NA,NA,0
"3700",NA,NA,NA,0
"3701",NA,NA,NA,0
"3702",NA,1,NA,NA
"3703",0,NA,NA,NA
"3704",0,NA,NA,NA
"3705",NA,0,NA,NA
"3706",NA,NA,1,NA
"3707",NA,0,NA,NA
"3708",NA,0,NA,NA
"3709",NA,NA,0,NA
"3710",NA,NA,0,NA
"3711",0,NA,NA,NA
"3712",NA,0,NA,NA
"3713",NA,NA,0,NA
"3714",NA,NA,NA,0
"3715",NA,NA,NA,0
"3716",NA,1,NA,NA
"3717",NA,NA,NA,0
"3718",NA,1,NA,NA
"3719",1,NA,NA,NA
"3720",NA,0,NA,NA
"3721",NA,NA,NA,1
"3722",NA,NA,0,NA
"3723",0,NA,NA,NA
"3724",NA,NA,NA,0
"3725",NA,NA,NA,1
"3726",1,NA,NA,NA
"3727",0,NA,NA,NA
"3728",NA,NA,NA,1
"3729",NA,1,NA,NA
"3730",NA,0,NA,NA
"3731",NA,0,NA,NA
"3732",NA,NA,1,NA
"3733",NA,NA,NA,1
"3734",NA,0,NA,NA
"3735",0,NA,NA,NA
"3736",NA,0,NA,NA
"3737",NA,0,NA,NA
"3738",NA,NA,NA,0
"3739",1,NA,NA,NA
"3740",1,NA,NA,NA
"3741",NA,1,NA,NA
"3742",0,NA,NA,NA
"3743",NA,NA,NA,0
"3744",NA,0,NA,NA
"3745",0,NA,NA,NA
"3746",NA,NA,NA,1
"3747",NA,NA,0,NA
"3748",NA,NA,0,NA
"3749",NA,NA,0,NA
"3750",NA,NA,0,NA
"3751",NA,0,NA,NA
"3752",0,NA,NA,NA
"3753",0,NA,NA,NA
"3754",NA,0,NA,NA
"3755",0,NA,NA,NA
"3756",0,NA,NA,NA
"3757",NA,NA,0,NA
"3758",NA,NA,0,NA
"3759",0,NA,NA,NA
"3760",NA,0,NA,NA
"3761",0,NA,NA,NA
"3762",0,NA,NA,NA
"3763",NA,0,NA,NA
"3764",NA,0,NA,NA
"3765",NA,NA,NA,0
"3766",NA,NA,0,NA
"3767",NA,0,NA,NA
"3768",NA,0,NA,NA
"3769",NA,NA,1,NA
"3770",0,NA,NA,NA
"3771",NA,0,NA,NA
"3772",NA,1,NA,NA
"3773",NA,NA,NA,0
"3774",0,NA,NA,NA
"3775",NA,0,NA,NA
"3776",NA,NA,1,NA
"3777",0,NA,NA,NA
"3778",NA,NA,NA,0
"3779",NA,NA,0,NA
"3780",NA,0,NA,NA
"3781",0,NA,NA,NA
"3782",NA,NA,0,NA
"3783",NA,NA,1,NA
"3784",NA,NA,0,NA
"3785",NA,0,NA,NA
"3786",0,NA,NA,NA
"3787",0,NA,NA,NA
"3788",0,NA,NA,NA
"3789",NA,0,NA,NA
"3790",0,NA,NA,NA
"3791",NA,NA,0,NA
"3792",NA,NA,1,NA
"3793",NA,NA,NA,0
"3794",0,NA,NA,NA
"3795",NA,NA,NA,0
"3796",NA,NA,NA,0
"3797",NA,NA,NA,0
"3798",NA,NA,NA,1
"3799",NA,NA,0,NA
"3800",NA,NA,0,NA
"3801",NA,NA,NA,0
"3802",NA,NA,NA,1
"3803",0,NA,NA,NA
"3804",NA,NA,NA,0
"3805",0,NA,NA,NA
"3806",NA,NA,0,NA
"3807",NA,NA,0,NA
"3808",NA,0,NA,NA
"3809",NA,NA,NA,1
"3810",1,NA,NA,NA
"3811",NA,0,NA,NA
"3812",NA,0,NA,NA
"3813",NA,0,NA,NA
"3814",0,NA,NA,NA
"3815",NA,0,NA,NA
"3816",1,NA,NA,NA
"3817",0,NA,NA,NA
"3818",NA,NA,NA,1
"3819",NA,NA,NA,1
"3820",NA,NA,NA,1
"3821",NA,1,NA,NA
"3822",NA,0,NA,NA
"3823",NA,1,NA,NA
"3824",NA,0,NA,NA
"3825",NA,NA,0,NA
"3826",0,NA,NA,NA
"3827",NA,0,NA,NA
"3828",NA,NA,NA,0
"3829",NA,0,NA,NA
"3830",0,NA,NA,NA
"3831",NA,NA,1,NA
"3832",NA,NA,0,NA
"3833",NA,NA,NA,1
"3834",0,NA,NA,NA
"3835",1,NA,NA,NA
"3836",NA,NA,NA,0
"3837",NA,NA,NA,0
"3838",NA,NA,NA,0
"3839",NA,1,NA,NA
"3840",NA,NA,NA,0
"3841",NA,0,NA,NA
"3842",NA,0,NA,NA
"3843",0,NA,NA,NA
"3844",NA,0,NA,NA
"3845",0,NA,NA,NA
"3846",0,NA,NA,NA
"3847",NA,0,NA,NA
"3848",NA,NA,NA,1
"3849",0,NA,NA,NA
"3850",NA,0,NA,NA
"3851",0,NA,NA,NA
"3852",NA,1,NA,NA
"3853",NA,0,NA,NA
"3854",0,NA,NA,NA
"3855",NA,0,NA,NA
"3856",NA,0,NA,NA
"3857",NA,NA,0,NA
"3858",NA,0,NA,NA
"3859",NA,NA,0,NA
"3860",0,NA,NA,NA
"3861",0,NA,NA,NA
"3862",NA,NA,1,NA
"3863",NA,NA,0,NA
"3864",1,NA,NA,NA
"3865",0,NA,NA,NA
"3866",1,NA,NA,NA
"3867",NA,NA,0,NA
"3868",NA,NA,NA,0
"3869",NA,0,NA,NA
"3870",0,NA,NA,NA
"3871",NA,NA,1,NA
"3872",0,NA,NA,NA
"3873",0,NA,NA,NA
"3874",NA,NA,0,NA
"3875",NA,NA,0,NA
"3876",NA,NA,0,NA
"3877",NA,0,NA,NA
"3878",NA,NA,0,NA
"3879",NA,NA,NA,0
"3880",NA,0,NA,NA
"3881",NA,NA,NA,0
"3882",NA,NA,NA,0
"3883",NA,NA,0,NA
"3884",NA,NA,NA,0
"3885",NA,NA,NA,1
"3886",NA,NA,0,NA
"3887",NA,NA,NA,0
"3888",NA,NA,NA,0
"3889",NA,0,NA,NA
"3890",0,NA,NA,NA
"3891",0,NA,NA,NA
"3892",NA,0,NA,NA
"3893",NA,0,NA,NA
"3894",NA,NA,1,NA
"3895",NA,NA,NA,0
"3896",NA,NA,0,NA
"3897",0,NA,NA,NA
"3898",NA,0,NA,NA
"3899",NA,NA,NA,0
"3900",NA,NA,0,NA
"3901",NA,NA,NA,0
"3902",1,NA,NA,NA
"3903",0,NA,NA,NA
"3904",NA,NA,NA,0
"3905",NA,0,NA,NA
"3906",NA,0,NA,NA
"3907",NA,0,NA,NA
"3908",NA,NA,NA,0
"3909",0,NA,NA,NA
"3910",NA,NA,0,NA
"3911",NA,NA,NA,0
"3912",NA,NA,1,NA
"3913",0,NA,NA,NA
"3914",NA,0,NA,NA
"3915",NA,1,NA,NA
"3916",NA,NA,NA,0
"3917",NA,1,NA,NA
"3918",NA,NA,0,NA
"3919",0,NA,NA,NA
"3920",NA,NA,NA,0
"3921",NA,NA,1,NA
"3922",NA,NA,NA,0
"3923",0,NA,NA,NA
"3924",NA,NA,NA,0
"3925",NA,NA,0,NA
"3926",0,NA,NA,NA
"3927",NA,NA,0,NA
"3928",0,NA,NA,NA
"3929",0,NA,NA,NA
"3930",1,NA,NA,NA
"3931",0,NA,NA,NA
"3932",NA,NA,NA,0
"3933",NA,0,NA,NA
"3934",NA,NA,NA,0
"3935",0,NA,NA,NA
"3936",NA,NA,0,NA
"3937",NA,NA,NA,1
"3938",1,NA,NA,NA
"3939",NA,NA,NA,0
"3940",0,NA,NA,NA
"3941",0,NA,NA,NA
"3942",NA,0,NA,NA
"3943",NA,NA,0,NA
"3944",NA,0,NA,NA
"3945",NA,NA,NA,1
"3946",NA,NA,NA,1
"3947",NA,NA,0,NA
"3948",NA,NA,0,NA
"3949",NA,NA,NA,0
"3950",NA,NA,1,NA
"3951",NA,NA,0,NA
"3952",NA,1,NA,NA
"3953",NA,1,NA,NA
"3954",NA,NA,NA,0
"3955",0,NA,NA,NA
"3956",0,NA,NA,NA
"3957",NA,NA,NA,0
"3958",NA,NA,NA,0
"3959",1,NA,NA,NA
"3960",0,NA,NA,NA
"3961",NA,NA,NA,0
"3962",NA,NA,NA,0
"3963",0,NA,NA,NA
"3964",NA,NA,NA,0
"3965",NA,NA,NA,0
"3966",NA,NA,NA,1
"3967",NA,NA,0,NA
"3968",1,NA,NA,NA
"3969",NA,0,NA,NA
"3970",0,NA,NA,NA
"3971",0,NA,NA,NA
"3972",NA,NA,1,NA
"3973",NA,NA,NA,0
"3974",NA,NA,NA,0
"3975",0,NA,NA,NA
"3976",NA,0,NA,NA
"3977",1,NA,NA,NA
"3978",NA,NA,0,NA
"3979",NA,0,NA,NA
"3980",NA,NA,0,NA
"3981",NA,NA,0,NA
"3982",0,NA,NA,NA
"3983",NA,NA,0,NA
"3984",NA,1,NA,NA
"3985",NA,0,NA,NA
"3986",NA,NA,0,NA
"3987",NA,NA,NA,0
"3988",NA,NA,0,NA
"3989",NA,0,NA,NA
"3990",NA,0,NA,NA
"3991",NA,0,NA,NA
"3992",NA,NA,NA,0
"3993",NA,0,NA,NA
"3994",NA,NA,0,NA
"3995",NA,0,NA,NA
"3996",NA,0,NA,NA
"3997",NA,NA,1,NA
"3998",0,NA,NA,NA
"3999",0,NA,NA,NA
"4000",0,NA,NA,NA
"4001",NA,NA,1,NA
"4002",NA,NA,NA,0
"4003",NA,NA,NA,0
"4004",0,NA,NA,NA
"4005",1,NA,NA,NA
"4006",NA,NA,0,NA
"4007",NA,NA,NA,1
"4008",NA,NA,NA,0
"4009",NA,NA,NA,0
"4010",NA,NA,NA,1
"4011",NA,NA,NA,1
"4012",NA,0,NA,NA
"4013",NA,NA,0,NA
"4014",NA,NA,NA,0
"4015",NA,0,NA,NA
"4016",NA,1,NA,NA
"4017",0,NA,NA,NA
"4018",NA,NA,0,NA
"4019",NA,0,NA,NA
"4020",NA,NA,0,NA
"4021",NA,NA,0,NA
"4022",NA,NA,0,NA
"4023",0,NA,NA,NA
"4024",NA,NA,NA,0
"4025",NA,0,NA,NA
"4026",NA,NA,0,NA
"4027",NA,0,NA,NA
"4028",NA,0,NA,NA
"4029",NA,NA,0,NA
"4030",1,NA,NA,NA
"4031",NA,NA,NA,0
"4032",NA,NA,0,NA
"4033",NA,NA,NA,0
"4034",NA,NA,NA,0
"4035",NA,0,NA,NA
"4036",0,NA,NA,NA
"4037",NA,1,NA,NA
"4038",NA,NA,NA,0
"4039",0,NA,NA,NA
"4040",NA,0,NA,NA
"4041",NA,NA,NA,0
"4042",NA,NA,0,NA
"4043",NA,NA,0,NA
"4044",NA,NA,NA,0
"4045",NA,NA,0,NA
"4046",0,NA,NA,NA
"4047",NA,NA,NA,0
"4048",NA,1,NA,NA
"4049",NA,NA,NA,0
"4050",NA,1,NA,NA
"4051",NA,NA,NA,0
"4052",0,NA,NA,NA
"4053",NA,NA,NA,0
"4054",NA,NA,0,NA
"4055",0,NA,NA,NA
"4056",0,NA,NA,NA
"4057",NA,NA,0,NA
"4058",NA,NA,0,NA
"4059",NA,0,NA,NA
"4060",NA,NA,0,NA
"4061",NA,NA,0,NA
"4062",0,NA,NA,NA
"4063",NA,0,NA,NA
"4064",NA,NA,1,NA
"4065",0,NA,NA,NA
"4066",NA,0,NA,NA
"4067",0,NA,NA,NA
"4068",NA,NA,NA,0
"4069",NA,NA,NA,0
"4070",0,NA,NA,NA
"4071",NA,NA,NA,0
"4072",0,NA,NA,NA
"4073",NA,NA,NA,0
"4074",0,NA,NA,NA
"4075",NA,NA,1,NA
"4076",NA,NA,NA,0
"4077",NA,NA,NA,1
"4078",NA,NA,1,NA
"4079",NA,NA,0,NA
"4080",NA,NA,NA,0
"4081",NA,NA,0,NA
"4082",NA,NA,0,NA
"4083",NA,0,NA,NA
"4084",NA,NA,0,NA
"4085",NA,NA,NA,0
"4086",NA,0,NA,NA
"4087",NA,0,NA,NA
"4088",NA,NA,0,NA
"4089",NA,NA,1,NA
"4090",NA,NA,NA,0
"4091",NA,0,NA,NA
"4092",NA,1,NA,NA
"4093",NA,NA,0,NA
"4094",NA,0,NA,NA
"4095",0,NA,NA,NA
"4096",NA,NA,NA,0
"4097",NA,NA,0,NA
"4098",NA,NA,NA,0
"4099",0,NA,NA,NA
"4100",0,NA,NA,NA
"4101",NA,NA,0,NA
"4102",NA,0,NA,NA
"4103",NA,NA,1,NA
"4104",0,NA,NA,NA
"4105",NA,NA,0,NA
"4106",1,NA,NA,NA
"4107",NA,0,NA,NA
"4108",NA,NA,NA,0
"4109",0,NA,NA,NA
"4110",NA,NA,0,NA
"4111",1,NA,NA,NA
"4112",NA,NA,NA,0
"4113",0,NA,NA,NA
"4114",NA,NA,0,NA
"4115",NA,NA,0,NA
"4116",NA,NA,0,NA
"4117",NA,0,NA,NA
"4118",1,NA,NA,NA
"4119",NA,NA,0,NA
"4120",NA,0,NA,NA
"4121",NA,NA,0,NA
"4122",NA,0,NA,NA
"4123",NA,NA,NA,0
"4124",0,NA,NA,NA
"4125",NA,0,NA,NA
"4126",NA,NA,NA,1
"4127",0,NA,NA,NA
"4128",NA,1,NA,NA
"4129",NA,NA,0,NA
"4130",NA,NA,1,NA
"4131",0,NA,NA,NA
"4132",NA,NA,0,NA
"4133",NA,0,NA,NA
"4134",NA,NA,0,NA
"4135",1,NA,NA,NA
"4136",NA,NA,NA,1
"4137",NA,0,NA,NA
"4138",NA,NA,0,NA
"4139",NA,0,NA,NA
"4140",NA,NA,NA,1
"4141",NA,NA,NA,1
"4142",NA,0,NA,NA
"4143",NA,NA,0,NA
"4144",NA,NA,0,NA
"4145",NA,NA,0,NA
"4146",NA,NA,NA,0
"4147",NA,NA,NA,0
"4148",0,NA,NA,NA
"4149",NA,NA,NA,0
"4150",NA,NA,NA,0
"4151",1,NA,NA,NA
"4152",NA,0,NA,NA
"4153",0,NA,NA,NA
"4154",NA,NA,0,NA
"4155",NA,NA,1,NA
"4156",NA,NA,0,NA
"4157",0,NA,NA,NA
"4158",NA,NA,0,NA
"4159",0,NA,NA,NA
"4160",0,NA,NA,NA
"4161",NA,NA,NA,0
"4162",NA,0,NA,NA
"4163",NA,NA,NA,0
"4164",NA,NA,0,NA
"4165",NA,NA,0,NA
"4166",NA,NA,NA,0
"4167",NA,NA,1,NA
"4168",NA,0,NA,NA
"4169",NA,NA,1,NA
"4170",NA,NA,NA,0
"4171",NA,NA,NA,0
"4172",NA,NA,0,NA
"4173",NA,NA,0,NA
"4174",0,NA,NA,NA
"4175",0,NA,NA,NA
"4176",NA,NA,NA,0
"4177",NA,0,NA,NA
"4178",NA,NA,NA,0
"4179",0,NA,NA,NA
"4180",0,NA,NA,NA
"4181",NA,0,NA,NA
"4182",NA,NA,0,NA
"4183",NA,NA,NA,0
"4184",0,NA,NA,NA
"4185",NA,NA,0,NA
"4186",NA,0,NA,NA
"4187",0,NA,NA,NA
"4188",NA,0,NA,NA
"4189",0,NA,NA,NA
"4190",NA,NA,NA,0
"4191",NA,NA,NA,0
"4192",NA,NA,1,NA
"4193",NA,NA,NA,0
"4194",NA,NA,0,NA
"4195",NA,NA,1,NA
"4196",NA,NA,0,NA
"4197",NA,0,NA,NA
"4198",NA,NA,NA,0
"4199",0,NA,NA,NA
"4200",NA,NA,0,NA
"4201",NA,NA,0,NA
"4202",0,NA,NA,NA
"4203",NA,NA,NA,0
"4204",NA,NA,NA,0
"4205",NA,NA,1,NA
"4206",NA,NA,0,NA
"4207",NA,NA,0,NA
"4208",NA,1,NA,NA
"4209",0,NA,NA,NA
"4210",0,NA,NA,NA
"4211",NA,NA,NA,1
"4212",NA,0,NA,NA
"4213",NA,NA,NA,0
"4214",1,NA,NA,NA
"4215",NA,NA,0,NA
"4216",NA,NA,NA,0
"4217",0,NA,NA,NA
"4218",0,NA,NA,NA
"4219",NA,NA,NA,0
"4220",NA,NA,0,NA
"4221",NA,0,NA,NA
"4222",0,NA,NA,NA
"4223",NA,NA,NA,1
"4224",NA,NA,NA,0
"4225",NA,NA,NA,0
"4226",NA,0,NA,NA
"4227",0,NA,NA,NA
"4228",NA,1,NA,NA
"4229",NA,NA,0,NA
"4230",NA,NA,NA,0
"4231",NA,NA,0,NA
"4232",NA,0,NA,NA
"4233",NA,NA,NA,0
"4234",NA,NA,NA,0
"4235",0,NA,NA,NA
"4236",NA,NA,0,NA
"4237",NA,NA,NA,0
"4238",NA,NA,NA,0
"4239",NA,0,NA,NA
"4240",NA,0,NA,NA
"4241",NA,NA,0,NA
"4242",NA,0,NA,NA
"4243",1,NA,NA,NA
"4244",NA,NA,NA,0
"4245",NA,NA,NA,0
"4246",0,NA,NA,NA
"4247",0,NA,NA,NA
"4248",NA,0,NA,NA
"4249",0,NA,NA,NA
"4250",NA,NA,NA,0
"4251",0,NA,NA,NA
"4252",NA,NA,NA,0
"4253",NA,0,NA,NA
"4254",NA,NA,NA,0
"4255",0,NA,NA,NA
"4256",NA,1,NA,NA
"4257",0,NA,NA,NA
"4258",0,NA,NA,NA
"4259",NA,0,NA,NA
"4260",1,NA,NA,NA
"4261",NA,NA,NA,0
"4262",NA,0,NA,NA
"4263",NA,1,NA,NA
"4264",NA,NA,NA,0
"4265",NA,NA,0,NA
"4266",0,NA,NA,NA
"4267",NA,NA,NA,0
"4268",0,NA,NA,NA
"4269",NA,NA,NA,0
"4270",NA,NA,0,NA
"4271",NA,NA,NA,0
"4272",NA,NA,NA,1
"4273",NA,1,NA,NA
"4274",NA,NA,NA,0
"4275",0,NA,NA,NA
"4276",NA,NA,NA,0
"4277",NA,NA,0,NA
"4278",NA,NA,NA,0
"4279",NA,0,NA,NA
"4280",NA,NA,0,NA
"4281",NA,1,NA,NA
"4282",NA,NA,NA,0
"4283",NA,NA,NA,0
"4284",NA,NA,0,NA
"4285",NA,NA,NA,0
"4286",NA,0,NA,NA
"4287",NA,0,NA,NA
"4288",0,NA,NA,NA
"4289",NA,NA,0,NA
"4290",NA,0,NA,NA
"4291",0,NA,NA,NA
"4292",NA,NA,1,NA
"4293",NA,NA,NA,0
"4294",0,NA,NA,NA
"4295",NA,NA,0,NA
"4296",NA,0,NA,NA
"4297",0,NA,NA,NA
"4298",NA,0,NA,NA
"4299",NA,NA,0,NA
"4300",NA,NA,NA,0
"4301",NA,NA,0,NA
"4302",1,NA,NA,NA
"4303",NA,1,NA,NA
"4304",0,NA,NA,NA
"4305",NA,0,NA,NA
"4306",0,NA,NA,NA
"4307",NA,NA,NA,0
"4308",NA,0,NA,NA
"4309",NA,NA,0,NA
"4310",NA,NA,NA,0
"4311",NA,NA,NA,0
"4312",NA,0,NA,NA
"4313",NA,0,NA,NA
"4314",1,NA,NA,NA
"4315",NA,0,NA,NA
"4316",NA,NA,0,NA
"4317",0,NA,NA,NA
"4318",1,NA,NA,NA
"4319",0,NA,NA,NA
"4320",NA,1,NA,NA
"4321",NA,NA,NA,0
"4322",NA,0,NA,NA
"4323",NA,1,NA,NA
"4324",NA,NA,0,NA
"4325",NA,1,NA,NA
"4326",NA,0,NA,NA
"4327",NA,NA,0,NA
"4328",NA,NA,NA,0
"4329",NA,NA,NA,0
"4330",0,NA,NA,NA
"4331",NA,NA,NA,1
"4332",NA,0,NA,NA
"4333",NA,0,NA,NA
"4334",NA,NA,0,NA
"4335",0,NA,NA,NA
"4336",NA,1,NA,NA
"4337",1,NA,NA,NA
"4338",NA,0,NA,NA
"4339",NA,1,NA,NA
"4340",NA,NA,0,NA
"4341",NA,1,NA,NA
"4342",0,NA,NA,NA
"4343",NA,1,NA,NA
"4344",NA,NA,NA,1
"4345",NA,NA,0,NA
"4346",NA,1,NA,NA
"4347",NA,NA,0,NA
"4348",NA,0,NA,NA
"4349",NA,NA,NA,1
"4350",NA,NA,0,NA
"4351",0,NA,NA,NA
"4352",NA,NA,0,NA
"4353",1,NA,NA,NA
"4354",NA,NA,0,NA
"4355",0,NA,NA,NA
"4356",NA,0,NA,NA
"4357",NA,NA,0,NA
"4358",NA,NA,NA,0
"4359",NA,NA,0,NA
"4360",NA,NA,0,NA
"4361",NA,NA,NA,0
"4362",NA,0,NA,NA
"4363",NA,NA,0,NA
"4364",NA,0,NA,NA
"4365",NA,NA,0,NA
"4366",NA,NA,0,NA
"4367",NA,0,NA,NA
"4368",NA,NA,NA,0
"4369",NA,NA,NA,0
"4370",0,NA,NA,NA
"4371",NA,NA,0,NA
"4372",0,NA,NA,NA
"4373",NA,NA,0,NA
"4374",NA,NA,NA,0
"4375",0,NA,NA,NA
"4376",NA,NA,1,NA
"4377",NA,NA,NA,1
"4378",1,NA,NA,NA
"4379",NA,0,NA,NA
"4380",NA,0,NA,NA
"4381",NA,NA,0,NA
"4382",NA,NA,0,NA
"4383",NA,NA,0,NA
"4384",NA,NA,NA,0
"4385",NA,NA,NA,0
"4386",NA,1,NA,NA
"4387",NA,NA,NA,1
"4388",NA,NA,NA,0
"4389",NA,NA,0,NA
"4390",NA,NA,NA,0
"4391",1,NA,NA,NA
"4392",NA,0,NA,NA
"4393",NA,0,NA,NA
"4394",NA,1,NA,NA
"4395",NA,NA,NA,0
"4396",0,NA,NA,NA
"4397",0,NA,NA,NA
"4398",NA,NA,NA,0
"4399",NA,NA,NA,0
"4400",NA,NA,0,NA
"4401",NA,NA,1,NA
"4402",0,NA,NA,NA
"4403",0,NA,NA,NA
"4404",0,NA,NA,NA
"4405",0,NA,NA,NA
"4406",1,NA,NA,NA
"4407",0,NA,NA,NA
"4408",NA,1,NA,NA
"4409",NA,0,NA,NA
"4410",NA,NA,NA,0
"4411",NA,0,NA,NA
"4412",NA,NA,0,NA
"4413",NA,NA,NA,1
"4414",NA,0,NA,NA
"4415",NA,0,NA,NA
"4416",NA,NA,NA,0
"4417",NA,NA,NA,0
"4418",NA,NA,0,NA
"4419",NA,NA,NA,1
"4420",0,NA,NA,NA
"4421",NA,NA,NA,0
"4422",NA,0,NA,NA
"4423",0,NA,NA,NA
"4424",NA,NA,NA,1
"4425",NA,NA,1,NA
"4426",NA,0,NA,NA
"4427",NA,NA,0,NA
"4428",NA,NA,NA,1
"4429",0,NA,NA,NA
"4430",NA,NA,0,NA
"4431",NA,NA,NA,1
"4432",NA,NA,1,NA
"4433",NA,NA,NA,1
"4434",0,NA,NA,NA
"4435",NA,NA,1,NA
"4436",NA,NA,NA,0
"4437",0,NA,NA,NA
"4438",NA,NA,0,NA
"4439",NA,NA,NA,1
"4440",NA,NA,1,NA
"4441",0,NA,NA,NA
"4442",NA,0,NA,NA
"4443",NA,NA,1,NA
"4444",0,NA,NA,NA
"4445",NA,NA,NA,1
"4446",0,NA,NA,NA
"4447",NA,1,NA,NA
"4448",NA,NA,NA,0
"4449",0,NA,NA,NA
"4450",0,NA,NA,NA
"4451",NA,NA,0,NA
"4452",NA,NA,0,NA
"4453",NA,NA,0,NA
"4454",0,NA,NA,NA
"4455",NA,1,NA,NA
"4456",NA,0,NA,NA
"4457",0,NA,NA,NA
"4458",NA,NA,0,NA
"4459",NA,NA,NA,1
"4460",NA,NA,NA,0
"4461",NA,0,NA,NA
"4462",NA,NA,NA,0
"4463",NA,NA,0,NA
"4464",NA,0,NA,NA
"4465",NA,0,NA,NA
"4466",NA,NA,1,NA
"4467",NA,NA,NA,0
"4468",0,NA,NA,NA
"4469",NA,0,NA,NA
"4470",NA,NA,NA,1
"4471",0,NA,NA,NA
"4472",NA,0,NA,NA
"4473",NA,NA,NA,0
"4474",NA,0,NA,NA
"4475",NA,NA,NA,0
"4476",1,NA,NA,NA
"4477",0,NA,NA,NA
"4478",1,NA,NA,NA
"4479",1,NA,NA,NA
"4480",NA,0,NA,NA
"4481",NA,NA,0,NA
"4482",NA,NA,1,NA
"4483",NA,0,NA,NA
"4484",0,NA,NA,NA
"4485",NA,0,NA,NA
"4486",NA,NA,NA,0
"4487",NA,NA,0,NA
"4488",NA,NA,1,NA
"4489",0,NA,NA,NA
"4490",0,NA,NA,NA
"4491",NA,NA,0,NA
"4492",NA,1,NA,NA
"4493",NA,NA,0,NA
"4494",1,NA,NA,NA
"4495",NA,NA,1,NA
"4496",NA,NA,NA,0
"4497",NA,NA,0,NA
"4498",NA,NA,NA,0
"4499",0,NA,NA,NA
"4500",NA,NA,0,NA
"4501",NA,NA,NA,0
"4502",NA,NA,NA,0
"4503",NA,0,NA,NA
"4504",NA,NA,NA,0
"4505",NA,NA,0,NA
"4506",0,NA,NA,NA
"4507",NA,NA,0,NA
"4508",1,NA,NA,NA
"4509",NA,NA,1,NA
"4510",NA,0,NA,NA
"4511",NA,NA,NA,0
"4512",NA,NA,0,NA
"4513",NA,NA,NA,0
"4514",0,NA,NA,NA
"4515",NA,NA,NA,0
"4516",0,NA,NA,NA
"4517",NA,NA,0,NA
"4518",0,NA,NA,NA
"4519",NA,NA,0,NA
"4520",NA,NA,NA,1
"4521",NA,NA,NA,1
"4522",NA,NA,0,NA
"4523",NA,NA,NA,1
"4524",0,NA,NA,NA
"4525",NA,NA,NA,0
"4526",NA,0,NA,NA
"4527",0,NA,NA,NA
"4528",NA,NA,0,NA
"4529",NA,1,NA,NA
"4530",NA,NA,NA,1
"4531",NA,NA,0,NA
"4532",0,NA,NA,NA
"4533",0,NA,NA,NA
"4534",NA,0,NA,NA
"4535",NA,NA,0,NA
"4536",NA,NA,NA,0
"4537",NA,NA,NA,1
"4538",NA,0,NA,NA
"4539",NA,NA,NA,0
"4540",1,NA,NA,NA
"4541",NA,NA,NA,0
"4542",NA,1,NA,NA
"4543",1,NA,NA,NA
"4544",NA,NA,1,NA
"4545",NA,0,NA,NA
"4546",0,NA,NA,NA
"4547",NA,NA,0,NA
"4548",NA,0,NA,NA
"4549",NA,NA,0,NA
"4550",NA,NA,NA,0
"4551",NA,NA,0,NA
"4552",NA,0,NA,NA
"4553",NA,0,NA,NA
"4554",NA,NA,NA,0
"4555",NA,NA,1,NA
"4556",NA,NA,0,NA
"4557",1,NA,NA,NA
"4558",0,NA,NA,NA
"4559",0,NA,NA,NA
"4560",NA,NA,0,NA
"4561",0,NA,NA,NA
"4562",NA,1,NA,NA
"4563",NA,NA,0,NA
"4564",NA,NA,0,NA
"4565",NA,NA,0,NA
"4566",NA,0,NA,NA
"4567",NA,0,NA,NA
"4568",NA,NA,NA,0
"4569",NA,NA,NA,0
"4570",0,NA,NA,NA
"4571",NA,NA,0,NA
"4572",NA,0,NA,NA
"4573",NA,1,NA,NA
"4574",NA,NA,0,NA
"4575",NA,0,NA,NA
"4576",NA,NA,NA,0
"4577",NA,0,NA,NA
"4578",NA,NA,0,NA
"4579",1,NA,NA,NA
"4580",NA,NA,0,NA
"4581",NA,0,NA,NA
"4582",NA,NA,NA,0
"4583",0,NA,NA,NA
"4584",NA,0,NA,NA
"4585",0,NA,NA,NA
"4586",0,NA,NA,NA
"4587",NA,NA,1,NA
"4588",NA,0,NA,NA
"4589",NA,0,NA,NA
"4590",NA,0,NA,NA
"4591",0,NA,NA,NA
"4592",NA,NA,NA,1
"4593",NA,NA,NA,1
"4594",1,NA,NA,NA
"4595",NA,1,NA,NA
"4596",NA,1,NA,NA
"4597",NA,NA,NA,0
"4598",NA,NA,0,NA
"4599",0,NA,NA,NA
"4600",NA,NA,0,NA
"4601",0,NA,NA,NA
"4602",NA,0,NA,NA
"4603",NA,0,NA,NA
"4604",NA,0,NA,NA
"4605",NA,1,NA,NA
"4606",NA,NA,0,NA
"4607",0,NA,NA,NA
"4608",NA,NA,NA,0
"4609",NA,NA,NA,0
"4610",NA,NA,0,NA
"4611",NA,NA,NA,0
"4612",0,NA,NA,NA
"4613",NA,NA,0,NA
"4614",0,NA,NA,NA
"4615",NA,NA,0,NA
"4616",NA,0,NA,NA
"4617",NA,NA,NA,1
"4618",NA,1,NA,NA
"4619",NA,NA,NA,0
"4620",NA,NA,NA,0
"4621",NA,NA,NA,0
"4622",1,NA,NA,NA
"4623",NA,NA,0,NA
"4624",NA,0,NA,NA
"4625",0,NA,NA,NA
"4626",NA,NA,NA,0
"4627",0,NA,NA,NA
"4628",NA,NA,NA,0
"4629",NA,NA,0,NA
"4630",NA,NA,0,NA
"4631",0,NA,NA,NA
"4632",NA,NA,1,NA
"4633",NA,NA,0,NA
"4634",NA,NA,NA,0
"4635",NA,0,NA,NA
"4636",NA,NA,NA,0
"4637",NA,0,NA,NA
"4638",NA,NA,NA,0
"4639",NA,0,NA,NA
"4640",NA,NA,0,NA
"4641",0,NA,NA,NA
"4642",NA,NA,0,NA
"4643",NA,NA,NA,0
"4644",NA,NA,NA,0
"4645",NA,1,NA,NA
"4646",0,NA,NA,NA
"4647",NA,NA,NA,0
"4648",0,NA,NA,NA
"4649",NA,NA,1,NA
"4650",NA,0,NA,NA
"4651",NA,1,NA,NA
"4652",NA,NA,NA,0
"4653",NA,NA,0,NA
"4654",NA,NA,1,NA
"4655",NA,0,NA,NA
"4656",NA,NA,0,NA
"4657",0,NA,NA,NA
"4658",NA,NA,NA,0
"4659",0,NA,NA,NA
"4660",0,NA,NA,NA
"4661",NA,NA,0,NA
"4662",NA,0,NA,NA
"4663",NA,NA,0,NA
"4664",NA,NA,1,NA
"4665",NA,0,NA,NA
"4666",NA,0,NA,NA
"4667",NA,NA,NA,0
"4668",NA,NA,0,NA
"4669",NA,NA,0,NA
"4670",NA,NA,1,NA
"4671",1,NA,NA,NA
"4672",NA,NA,1,NA
"4673",0,NA,NA,NA
"4674",NA,NA,NA,0
"4675",0,NA,NA,NA
"4676",NA,NA,NA,0
"4677",NA,NA,0,NA
"4678",NA,1,NA,NA
"4679",NA,NA,NA,1
"4680",0,NA,NA,NA
"4681",0,NA,NA,NA
"4682",NA,NA,NA,0
"4683",NA,0,NA,NA
"4684",1,NA,NA,NA
"4685",NA,NA,0,NA
"4686",NA,NA,0,NA
"4687",NA,NA,0,NA
"4688",NA,1,NA,NA
"4689",NA,0,NA,NA
"4690",NA,NA,NA,1
"4691",NA,NA,NA,0
"4692",NA,NA,1,NA
"4693",0,NA,NA,NA
"4694",NA,NA,1,NA
"4695",NA,NA,0,NA
"4696",NA,NA,NA,0
"4697",NA,0,NA,NA
"4698",0,NA,NA,NA
"4699",NA,NA,NA,0
"4700",0,NA,NA,NA
"4701",NA,0,NA,NA
"4702",NA,NA,NA,0
"4703",NA,0,NA,NA
"4704",NA,1,NA,NA
"4705",NA,NA,0,NA
"4706",NA,NA,NA,0
"4707",NA,NA,NA,0
"4708",NA,NA,NA,0
"4709",0,NA,NA,NA
"4710",NA,0,NA,NA
"4711",NA,NA,1,NA
"4712",NA,0,NA,NA
"4713",NA,NA,0,NA
"4714",NA,NA,NA,0
"4715",NA,NA,NA,0
"4716",NA,NA,0,NA
"4717",NA,0,NA,NA
"4718",NA,0,NA,NA
"4719",0,NA,NA,NA
"4720",NA,0,NA,NA
"4721",NA,0,NA,NA
"4722",NA,NA,NA,0
"4723",NA,NA,NA,1
"4724",NA,NA,NA,1
"4725",NA,NA,NA,1
"4726",1,NA,NA,NA
"4727",NA,NA,NA,0
"4728",NA,NA,NA,1
"4729",NA,NA,NA,0
"4730",NA,NA,NA,0
"4731",0,NA,NA,NA
"4732",0,NA,NA,NA
"4733",NA,NA,1,NA
"4734",NA,0,NA,NA
"4735",NA,0,NA,NA
"4736",NA,NA,0,NA
"4737",NA,NA,NA,1
"4738",NA,0,NA,NA
"4739",NA,NA,NA,1
"4740",NA,NA,0,NA
"4741",NA,0,NA,NA
"4742",NA,NA,0,NA
"4743",NA,NA,NA,0
"4744",NA,0,NA,NA
"4745",NA,NA,0,NA
"4746",NA,0,NA,NA
"4747",NA,0,NA,NA
"4748",NA,NA,NA,0
"4749",0,NA,NA,NA
"4750",NA,0,NA,NA
"4751",NA,NA,NA,1
"4752",NA,NA,NA,0
"4753",NA,NA,NA,0
"4754",0,NA,NA,NA
"4755",NA,0,NA,NA
"4756",0,NA,NA,NA
"4757",NA,NA,0,NA
"4758",NA,0,NA,NA
"4759",NA,NA,NA,1
"4760",NA,NA,1,NA
"4761",NA,0,NA,NA
"4762",NA,NA,NA,0
"4763",NA,NA,NA,1
"4764",NA,NA,1,NA
"4765",NA,NA,0,NA
"4766",0,NA,NA,NA
"4767",NA,NA,1,NA
"4768",NA,NA,NA,1
"4769",NA,NA,1,NA
"4770",NA,0,NA,NA
"4771",0,NA,NA,NA
"4772",0,NA,NA,NA
"4773",NA,NA,NA,0
"4774",NA,NA,1,NA
"4775",NA,0,NA,NA
"4776",NA,NA,NA,1
"4777",NA,1,NA,NA
"4778",NA,NA,0,NA
"4779",NA,0,NA,NA
"4780",0,NA,NA,NA
"4781",NA,1,NA,NA
"4782",NA,NA,NA,0
"4783",NA,NA,0,NA
"4784",0,NA,NA,NA
"4785",NA,0,NA,NA
"4786",NA,1,NA,NA
"4787",NA,NA,NA,0
"4788",NA,NA,NA,1
"4789",NA,NA,NA,0
"4790",0,NA,NA,NA
"4791",NA,0,NA,NA
"4792",NA,0,NA,NA
"4793",0,NA,NA,NA
"4794",NA,0,NA,NA
"4795",0,NA,NA,NA
"4796",NA,0,NA,NA
"4797",1,NA,NA,NA
"4798",NA,NA,NA,0
"4799",NA,0,NA,NA
"4800",NA,0,NA,NA
"4801",0,NA,NA,NA
"4802",NA,NA,0,NA
"4803",NA,NA,0,NA
"4804",NA,1,NA,NA
"4805",NA,NA,NA,0
"4806",NA,0,NA,NA
"4807",0,NA,NA,NA
"4808",NA,NA,NA,0
"4809",1,NA,NA,NA
"4810",NA,0,NA,NA
"4811",0,NA,NA,NA
"4812",NA,NA,NA,0
"4813",0,NA,NA,NA
"4814",NA,0,NA,NA
"4815",0,NA,NA,NA
"4816",NA,0,NA,NA
"4817",NA,NA,NA,1
"4818",NA,1,NA,NA
"4819",0,NA,NA,NA
"4820",NA,NA,0,NA
"4821",0,NA,NA,NA
"4822",NA,NA,0,NA
"4823",0,NA,NA,NA
"4824",NA,NA,NA,0
"4825",NA,0,NA,NA
"4826",NA,0,NA,NA
"4827",NA,0,NA,NA
"4828",NA,NA,NA,0
"4829",NA,NA,0,NA
"4830",NA,NA,0,NA
"4831",NA,NA,NA,1
"4832",NA,0,NA,NA
"4833",NA,NA,NA,1
"4834",1,NA,NA,NA
"4835",NA,NA,0,NA
"4836",NA,1,NA,NA
"4837",NA,NA,0,NA
"4838",NA,1,NA,NA
"4839",NA,NA,NA,0
"4840",NA,NA,NA,0
"4841",NA,0,NA,NA
"4842",NA,NA,NA,0
"4843",NA,0,NA,NA
"4844",1,NA,NA,NA
"4845",NA,0,NA,NA
"4846",NA,0,NA,NA
"4847",NA,NA,NA,0
"4848",NA,1,NA,NA
"4849",0,NA,NA,NA
"4850",1,NA,NA,NA
"4851",NA,NA,1,NA
"4852",0,NA,NA,NA
"4853",NA,0,NA,NA
"4854",NA,0,NA,NA
"4855",NA,NA,0,NA
"4856",NA,NA,0,NA
"4857",NA,NA,0,NA
"4858",NA,NA,1,NA
"4859",NA,NA,NA,1
"4860",0,NA,NA,NA
"4861",NA,NA,1,NA
"4862",NA,NA,NA,0
"4863",NA,NA,0,NA
"4864",NA,1,NA,NA
"4865",0,NA,NA,NA
"4866",NA,0,NA,NA
"4867",NA,0,NA,NA
"4868",NA,NA,NA,0
"4869",NA,NA,NA,0
"4870",NA,0,NA,NA
"4871",NA,NA,NA,0
"4872",NA,NA,1,NA
"4873",NA,NA,NA,0
"4874",NA,NA,1,NA
"4875",0,NA,NA,NA
"4876",NA,NA,0,NA
"4877",NA,NA,NA,0
"4878",0,NA,NA,NA
"4879",NA,NA,NA,1
"4880",NA,NA,1,NA
"4881",NA,NA,0,NA
"4882",NA,NA,0,NA
"4883",NA,NA,0,NA
"4884",NA,NA,NA,0
"4885",NA,NA,NA,1
"4886",NA,NA,0,NA
"4887",NA,NA,0,NA
"4888",NA,NA,0,NA
"4889",1,NA,NA,NA
"4890",NA,0,NA,NA
"4891",NA,NA,0,NA
"4892",NA,NA,0,NA
"4893",NA,NA,1,NA
"4894",NA,NA,NA,0
"4895",NA,0,NA,NA
"4896",NA,NA,1,NA
"4897",NA,NA,0,NA
"4898",NA,NA,0,NA
"4899",NA,1,NA,NA
"4900",NA,NA,NA,1
"4901",NA,1,NA,NA
"4902",NA,NA,NA,0
"4903",NA,0,NA,NA
"4904",NA,NA,NA,1
"4905",NA,0,NA,NA
"4906",NA,NA,NA,1
"4907",0,NA,NA,NA
"4908",NA,NA,0,NA
"4909",NA,NA,0,NA
"4910",NA,0,NA,NA
"4911",NA,NA,NA,0
"4912",NA,1,NA,NA
"4913",NA,NA,NA,0
"4914",NA,NA,NA,0
"4915",1,NA,NA,NA
"4916",0,NA,NA,NA
"4917",NA,0,NA,NA
"4918",NA,NA,0,NA
"4919",NA,NA,0,NA
"4920",NA,NA,1,NA
"4921",NA,NA,0,NA
"4922",NA,NA,1,NA
"4923",0,NA,NA,NA
"4924",NA,NA,NA,0
"4925",NA,1,NA,NA
"4926",0,NA,NA,NA
"4927",NA,1,NA,NA
"4928",0,NA,NA,NA
"4929",NA,NA,0,NA
"4930",NA,NA,NA,0
"4931",NA,NA,NA,1
"4932",NA,0,NA,NA
"4933",NA,NA,0,NA
"4934",NA,0,NA,NA
"4935",NA,0,NA,NA
"4936",NA,1,NA,NA
"4937",NA,NA,0,NA
"4938",NA,NA,0,NA
"4939",NA,0,NA,NA
"4940",NA,NA,0,NA
"4941",NA,0,NA,NA
"4942",NA,0,NA,NA
"4943",NA,0,NA,NA
"4944",NA,0,NA,NA
"4945",NA,NA,NA,1
"4946",NA,0,NA,NA
"4947",NA,0,NA,NA
"4948",1,NA,NA,NA
"4949",NA,NA,NA,1
"4950",NA,NA,NA,1
"4951",NA,0,NA,NA
"4952",NA,0,NA,NA
"4953",0,NA,NA,NA
"4954",NA,NA,0,NA
"4955",0,NA,NA,NA
"4956",NA,0,NA,NA
"4957",NA,0,NA,NA
"4958",NA,0,NA,NA
"4959",NA,NA,NA,0
"4960",NA,NA,0,NA
"4961",NA,NA,0,NA
"4962",NA,0,NA,NA
"4963",0,NA,NA,NA
"4964",NA,1,NA,NA
"4965",NA,0,NA,NA
"4966",NA,NA,0,NA
"4967",NA,NA,0,NA
"4968",0,NA,NA,NA
"4969",NA,0,NA,NA
"4970",NA,1,NA,NA
"4971",NA,0,NA,NA
"4972",NA,NA,NA,0
"4973",NA,NA,NA,1
"4974",0,NA,NA,NA
"4975",NA,1,NA,NA
"4976",NA,NA,NA,0
"4977",NA,0,NA,NA
"4978",0,NA,NA,NA
"4979",NA,NA,NA,0
"4980",NA,NA,NA,1
"4981",NA,NA,NA,0
"4982",0,NA,NA,NA
"4983",NA,NA,NA,0
"4984",NA,NA,0,NA
"4985",NA,1,NA,NA
"4986",NA,NA,0,NA
"4987",NA,NA,NA,0
"4988",NA,0,NA,NA
"4989",NA,0,NA,NA
"4990",NA,NA,NA,0
"4991",0,NA,NA,NA
"4992",NA,NA,1,NA
"4993",0,NA,NA,NA
"4994",NA,NA,NA,1
"4995",NA,NA,NA,0
"4996",0,NA,NA,NA
"4997",NA,0,NA,NA
"4998",NA,NA,1,NA
"4999",NA,NA,0,NA
"5000",0,NA,NA,NA
"5001",0,NA,NA,NA
"5002",0,NA,NA,NA
"5003",NA,0,NA,NA
"5004",NA,0,NA,NA
"5005",NA,NA,NA,0
"5006",NA,0,NA,NA
"5007",0,NA,NA,NA
"5008",NA,NA,0,NA
"5009",0,NA,NA,NA
"5010",NA,0,NA,NA
"5011",NA,NA,NA,0
"5012",NA,NA,1,NA
"5013",1,NA,NA,NA
"5014",NA,NA,0,NA
"5015",NA,NA,NA,0
"5016",1,NA,NA,NA
"5017",NA,NA,NA,0
"5018",NA,NA,1,NA
"5019",NA,NA,NA,0
"5020",NA,NA,NA,0
"5021",NA,NA,NA,1
"5022",NA,1,NA,NA
"5023",0,NA,NA,NA
"5024",0,NA,NA,NA
"5025",NA,NA,NA,0
"5026",NA,0,NA,NA
"5027",NA,NA,NA,0
"5028",1,NA,NA,NA
"5029",NA,0,NA,NA
"5030",0,NA,NA,NA
"5031",NA,NA,NA,0
"5032",NA,0,NA,NA
"5033",NA,NA,0,NA
"5034",0,NA,NA,NA
"5035",NA,NA,0,NA
"5036",NA,NA,0,NA
"5037",1,NA,NA,NA
"5038",0,NA,NA,NA
"5039",0,NA,NA,NA
"5040",NA,NA,0,NA
"5041",NA,1,NA,NA
"5042",NA,NA,0,NA
"5043",NA,0,NA,NA
"5044",NA,NA,NA,0
"5045",0,NA,NA,NA
"5046",0,NA,NA,NA
"5047",1,NA,NA,NA
"5048",NA,NA,NA,0
"5049",NA,NA,1,NA
"5050",NA,NA,0,NA
"5051",NA,NA,NA,0
"5052",NA,NA,NA,0
"5053",NA,NA,0,NA
"5054",NA,1,NA,NA
"5055",NA,NA,NA,0
"5056",NA,NA,NA,0
"5057",0,NA,NA,NA
"5058",0,NA,NA,NA
"5059",0,NA,NA,NA
"5060",NA,NA,NA,0
"5061",0,NA,NA,NA
"5062",NA,NA,0,NA
"5063",NA,1,NA,NA
"5064",0,NA,NA,NA
"5065",NA,0,NA,NA
"5066",NA,NA,0,NA
"5067",NA,NA,NA,0
"5068",NA,NA,0,NA
"5069",NA,0,NA,NA
"5070",0,NA,NA,NA
"5071",NA,NA,0,NA
"5072",NA,NA,NA,0
"5073",1,NA,NA,NA
"5074",NA,0,NA,NA
"5075",NA,NA,0,NA
"5076",NA,NA,NA,1
"5077",NA,0,NA,NA
"5078",0,NA,NA,NA
"5079",NA,NA,NA,0
"5080",NA,NA,0,NA
"5081",NA,NA,NA,0
"5082",NA,0,NA,NA
"5083",NA,0,NA,NA
"5084",NA,1,NA,NA
"5085",NA,NA,0,NA
"5086",NA,NA,NA,0
"5087",0,NA,NA,NA
"5088",NA,NA,NA,0
"5089",NA,0,NA,NA
"5090",0,NA,NA,NA
"5091",0,NA,NA,NA
"5092",0,NA,NA,NA
"5093",NA,NA,NA,0
"5094",NA,0,NA,NA
"5095",NA,NA,NA,0
"5096",NA,0,NA,NA
"5097",0,NA,NA,NA
"5098",0,NA,NA,NA
"5099",NA,NA,1,NA
"5100",NA,NA,NA,0
"5101",0,NA,NA,NA
"5102",NA,NA,NA,1
"5103",NA,NA,0,NA
"5104",0,NA,NA,NA
"5105",NA,NA,NA,0
"5106",NA,NA,NA,1
"5107",0,NA,NA,NA
"5108",NA,NA,NA,0
"5109",0,NA,NA,NA
"5110",NA,NA,NA,1
"5111",NA,1,NA,NA
"5112",NA,NA,NA,0
"5113",NA,NA,0,NA
"5114",NA,NA,0,NA
"5115",0,NA,NA,NA
"5116",0,NA,NA,NA
"5117",NA,1,NA,NA
"5118",NA,NA,NA,0
"5119",NA,NA,1,NA
"5120",NA,0,NA,NA
"5121",NA,NA,NA,1
"5122",NA,0,NA,NA
"5123",NA,NA,0,NA
"5124",0,NA,NA,NA
"5125",NA,0,NA,NA
"5126",0,NA,NA,NA
"5127",NA,NA,NA,0
"5128",NA,0,NA,NA
"5129",1,NA,NA,NA
"5130",NA,NA,0,NA
"5131",NA,0,NA,NA
"5132",NA,NA,0,NA
"5133",NA,NA,0,NA
"5134",0,NA,NA,NA
"5135",0,NA,NA,NA
"5136",NA,NA,0,NA
"5137",NA,NA,NA,0
"5138",NA,0,NA,NA
"5139",NA,0,NA,NA
"5140",NA,0,NA,NA
"5141",0,NA,NA,NA
"5142",NA,NA,0,NA
"5143",1,NA,NA,NA
"5144",NA,NA,NA,0
"5145",NA,0,NA,NA
"5146",0,NA,NA,NA
"5147",1,NA,NA,NA
"5148",NA,NA,0,NA
"5149",1,NA,NA,NA
"5150",NA,NA,0,NA
"5151",1,NA,NA,NA
"5152",NA,0,NA,NA
"5153",NA,NA,NA,0
"5154",NA,0,NA,NA
"5155",0,NA,NA,NA
"5156",NA,0,NA,NA
"5157",NA,0,NA,NA
"5158",NA,NA,1,NA
"5159",0,NA,NA,NA
"5160",1,NA,NA,NA
"5161",NA,NA,NA,0
"5162",NA,0,NA,NA
"5163",NA,NA,NA,0
"5164",NA,NA,0,NA
"5165",NA,0,NA,NA
"5166",NA,NA,0,NA
"5167",NA,NA,NA,0
"5168",NA,NA,0,NA
"5169",0,NA,NA,NA
"5170",NA,NA,NA,0
"5171",1,NA,NA,NA
"5172",NA,NA,NA,0
"5173",1,NA,NA,NA
"5174",NA,NA,0,NA
"5175",NA,NA,0,NA
"5176",NA,0,NA,NA
"5177",NA,NA,NA,1
"5178",NA,NA,1,NA
"5179",0,NA,NA,NA
"5180",NA,NA,NA,0
"5181",NA,NA,NA,1
"5182",NA,NA,0,NA
"5183",NA,0,NA,NA
"5184",NA,NA,NA,0
"5185",NA,0,NA,NA
"5186",NA,NA,0,NA
"5187",NA,NA,0,NA
"5188",0,NA,NA,NA
"5189",NA,NA,NA,1
"5190",1,NA,NA,NA
"5191",1,NA,NA,NA
"5192",NA,0,NA,NA
"5193",0,NA,NA,NA
"5194",NA,0,NA,NA
"5195",NA,0,NA,NA
"5196",NA,NA,0,NA
"5197",NA,NA,NA,0
"5198",NA,0,NA,NA
"5199",NA,0,NA,NA
"5200",NA,NA,0,NA
"5201",NA,NA,NA,1
"5202",NA,NA,NA,0
"5203",0,NA,NA,NA
"5204",NA,0,NA,NA
"5205",NA,NA,NA,1
"5206",0,NA,NA,NA
"5207",NA,NA,0,NA
"5208",NA,NA,NA,0
"5209",0,NA,NA,NA
"5210",NA,NA,NA,1
"5211",0,NA,NA,NA
"5212",NA,NA,NA,0
"5213",NA,0,NA,NA
"5214",NA,NA,NA,0
"5215",NA,0,NA,NA
"5216",NA,NA,NA,0
"5217",NA,0,NA,NA
"5218",0,NA,NA,NA
"5219",0,NA,NA,NA
"5220",NA,1,NA,NA
"5221",NA,0,NA,NA
"5222",0,NA,NA,NA
"5223",NA,NA,0,NA
"5224",NA,NA,NA,0
"5225",NA,NA,0,NA
"5226",NA,NA,0,NA
"5227",0,NA,NA,NA
"5228",NA,NA,0,NA
"5229",NA,NA,NA,0
"5230",0,NA,NA,NA
"5231",NA,NA,NA,0
"5232",NA,NA,NA,1
"5233",NA,NA,NA,0
"5234",NA,NA,NA,0
"5235",0,NA,NA,NA
"5236",NA,0,NA,NA
"5237",1,NA,NA,NA
"5238",NA,0,NA,NA
"5239",1,NA,NA,NA
"5240",0,NA,NA,NA
"5241",NA,0,NA,NA
"5242",NA,NA,0,NA
"5243",NA,0,NA,NA
"5244",NA,NA,0,NA
"5245",NA,NA,0,NA
"5246",NA,NA,NA,0
"5247",NA,0,NA,NA
"5248",0,NA,NA,NA
"5249",NA,NA,NA,0
"5250",NA,NA,0,NA
"5251",NA,NA,NA,0
"5252",NA,0,NA,NA
"5253",NA,0,NA,NA
"5254",NA,NA,0,NA
"5255",NA,NA,0,NA
"5256",NA,NA,0,NA
"5257",NA,0,NA,NA
"5258",NA,1,NA,NA
"5259",NA,0,NA,NA
"5260",NA,NA,NA,0
"5261",NA,NA,0,NA
"5262",NA,NA,1,NA
"5263",NA,0,NA,NA
"5264",NA,NA,NA,0
"5265",1,NA,NA,NA
"5266",NA,NA,0,NA
"5267",NA,0,NA,NA
"5268",NA,NA,0,NA
"5269",NA,NA,0,NA
"5270",0,NA,NA,NA
"5271",NA,0,NA,NA
"5272",NA,0,NA,NA
"5273",1,NA,NA,NA
"5274",NA,NA,NA,1
"5275",NA,NA,0,NA
"5276",NA,NA,1,NA
"5277",NA,0,NA,NA
"5278",NA,NA,0,NA
"5279",0,NA,NA,NA
"5280",NA,NA,NA,1
"5281",NA,NA,0,NA
"5282",NA,1,NA,NA
